Rk,Player,Pos,Age,Tm,G,GS,MP,FG,FGA,FG%,3P,3PA,3P%,2P,2PA,2P%,eFG%,FT,FTA,FT%,ORB,DRB,TRB,AST,STL,BLK,TOV,PF,PTS
1,Steven Adams\adamsst01,C,26,OKC,17,17,26.4,4.5,7.4,0.611,0,0,,4.5,7.4,0.611,0.611,1.4,2.6,0.511,2.8,6.2,9,2.8,0.5,1,1.4,1.9,10.4
2,Bam Adebayo\adebaba01,C,22,MIA,21,21,32.6,5.1,9,0.563,0,0.3,0.167,5,8.8,0.576,0.566,3.6,5.5,0.655,2.4,7.9,10.3,4,1.4,1.2,2.8,2.5,13.9
3,LaMarcus Aldridge\aldrila01,C,34,SAS,20,20,32.8,7.7,14.8,0.517,0.6,1.6,0.355,7.1,13.3,0.536,0.535,3,3.6,0.833,2.1,4.7,6.7,2.5,0.7,1.8,1.7,2.2,18.9
4,Nickeil Alexander-Walker\alexani01,SG,21,NOP,17,0,14.2,2.3,7.1,0.322,1.3,3.8,0.338,1,3.3,0.304,0.413,0.6,0.8,0.714,0.2,2.1,2.3,2.1,0.3,0.1,1.2,1.5,6.5
5,Grayson Allen\allengr01,SG,24,MEM,11,0,19,2.4,6.8,0.347,1,3.3,0.306,1.4,3.5,0.385,0.42,1.4,1.5,0.882,0.2,2.9,3.1,1.6,0.4,0,1.1,1.7,7.1
6,Jarrett Allen\allenja01,C,21,BRK,21,18,26.6,4.7,7,0.671,0,0,0,4.7,6.9,0.676,0.671,2.6,4.4,0.598,3.6,7,10.6,1.2,0.7,1.3,1.1,2.6,12
7,Kadeem Allen\allenka01,SG,27,NYK,1,0,16,3,6,0.5,3,4,0.75,0,2,0,0.75,0,0,,0,0,0,2,1,0,1,1,9
8,Al-Farouq Aminu\aminual01,PF,29,ORL,18,2,21.1,1.4,4.8,0.291,0.5,2,0.25,0.9,2.8,0.32,0.343,1.1,1.6,0.655,1.3,3.5,4.8,1.2,1,0.4,0.9,1.5,4.3
9,Kyle Anderson\anderky01,PF,26,MEM,17,0,20.5,2.8,5.5,0.505,0.2,0.9,0.25,2.5,4.5,0.558,0.527,0.9,1.6,0.571,0.9,3.5,4.4,2.6,0.7,0.7,0.9,1.7,6.7
10,Ryan Anderson\anderry01,PF,31,HOU,2,0,7,1,3.5,0.286,0.5,2.5,0.2,0.5,1,0.5,0.357,0,0,,0,3.5,3.5,1,0.5,0,0.5,0.5,2.5
11,Giannis Antetokounmpo\antetgi01,PF,25,MIL,22,22,31.7,11.5,20.3,0.565,1.6,5,0.318,9.9,15.3,0.646,0.604,6.5,11,0.591,2.6,10.6,13.2,5.5,1.4,1.4,3.9,3.2,31
12,Kostas Antetokounmpo\antetko01,PF,22,LAL,2,0,1.5,0,0,,0,0,,0,0,,,0,0,,0,0.5,0.5,0,0,0,0,0,0
13,Thanasis Antetokounmpo\antetth01,SF,27,MIL,4,0,6.3,1.5,2.5,0.6,0,0,,1.5,2.5,0.6,0.6,0.5,1,0.5,0.8,0,0.8,1,0,0,0.5,0.8,3.5
14,Carmelo Anthony\anthoca01,PF,35,POR,8,8,31,6.5,14.5,0.448,1.5,3.9,0.387,5,10.6,0.471,0.5,2.4,2.8,0.864,1,4.9,5.9,1.8,0.6,0.3,1.9,3.3,16.9
15,OG Anunoby\anunoog01,SF,22,TOR,19,19,29.6,4.3,8.1,0.532,1.6,3.6,0.456,2.7,4.5,0.593,0.633,0.7,1.3,0.52,0.9,4.6,5.5,1.7,1.2,0.9,1.2,2.5,10.9
16,Ryan Arcidiacono\arcidry01,PG,25,CHI,22,0,16.7,1.4,3.6,0.388,1,2.2,0.429,0.5,1.4,0.323,0.519,0.7,0.9,0.75,0.5,1.2,1.7,1.8,0.5,0.1,0.7,2,4.5
17,Trevor Ariza\arizatr01,SF,34,SAC,13,0,21.2,1.5,4.3,0.339,1.1,3.2,0.333,0.4,1.1,0.357,0.464,0.5,0.7,0.778,0.4,3.1,3.5,0.8,0.8,0.2,0.8,1.6,4.5
18,D.J. Augustin\augusdj01,PG,32,ORL,21,5,25.7,3.2,8.2,0.387,1,3.3,0.319,2.1,5,0.433,0.451,2.1,2.4,0.882,0.5,2,2.5,4.6,0.6,0,1.4,1.1,9.6
19,Deandre Ayton\aytonde01,C,21,PHO,1,1,33,9,14,0.643,0,0,,9,14,0.643,0.643,0,0,,3,8,11,0,1,4,0,2,18
20,Dwayne Bacon\bacondw01,SG,24,CHO,17,10,20.4,2.8,8.5,0.326,0.6,2.4,0.25,2.2,6.1,0.356,0.361,1.1,1.6,0.679,0.5,2.2,2.7,1.2,0.8,0.1,1.1,1.8,7.2
21,Marvin Bagley\baglema01,PF,20,SAC,1,1,28,6,16,0.375,0,0,,6,16,0.375,0.375,2,4,0.5,4,6,10,0,1,1,1,1,14
22,Lonzo Ball\balllo01,PG,22,NOP,13,10,27.8,4.1,10.9,0.373,2.3,6.8,0.341,1.8,4.2,0.426,0.479,0.5,0.8,0.6,0.8,3.4,4.2,5.6,1.1,0.2,2.4,1.9,10.9
23,Mo Bamba\bambamo01,C,21,ORL,19,0,15.5,2.3,5.3,0.43,0.7,1.9,0.389,1.5,3.4,0.453,0.5,0.2,0.4,0.5,1.4,3.9,5.3,0.5,0.3,1.4,1.4,2.3,5.5
24,J.J. Barea\bareajo01,PG,35,DAL,4,0,13.8,4,8,0.5,2.3,3.3,0.692,1.8,4.8,0.368,0.641,0.5,0.5,1,0.3,1.3,1.5,3,0.5,0.3,1,0.3,10.8
25,Harrison Barnes\barneha02,PF,27,SAC,20,20,35.1,5.6,11.6,0.485,1.5,3.9,0.372,4.2,7.7,0.542,0.548,3.6,4.5,0.8,1.1,3.8,4.9,2.1,1,0.2,1.4,1.3,16.3
26,RJ Barrett\barrerj01,SG,19,NYK,20,20,32.5,5.5,13.8,0.396,1,3.2,0.317,4.5,10.6,0.42,0.433,2.8,5.3,0.533,1.2,4.1,5.3,3.2,1.3,0.5,2.5,2.6,14.7
27,Will Barton\bartowi01,SF,29,DEN,16,16,33.1,5.6,12.6,0.441,1.9,4.8,0.395,3.7,7.9,0.468,0.515,1.8,2.4,0.737,1.8,5.4,7.3,3.5,1,0.4,1.4,2.3,14.8
28,Keita Bates-Diop\bateske01,SF,24,MIN,9,0,19,3.3,5.7,0.588,1.7,3.1,0.536,1.7,2.6,0.652,0.735,0.6,0.9,0.625,0.6,2.3,2.9,0.3,0.4,0.4,0.6,1.1,8.9
29,Nicolas Batum\batumni01,SF,31,CHO,12,0,21.7,1.3,3.3,0.385,0.7,2.4,0.276,0.6,0.8,0.7,0.487,0.4,0.4,1,1.1,3.3,4.4,3.3,0.8,0.6,1.5,1.6,3.6
30,Aron Baynes\baynear01,C,33,PHO,13,12,24,5.5,9.7,0.563,1.9,4.4,0.439,3.5,5.3,0.667,0.663,1.8,2.6,0.706,1.5,4.2,5.7,2.9,0.3,0.7,1.1,3.9,14.7
31,Kent Bazemore\bazemke01,SF,30,POR,22,2,22.3,2.5,7.3,0.35,1.2,3.5,0.355,1.3,3.8,0.345,0.434,1.4,1.8,0.775,0.4,4,4.4,1.7,1,0.8,1.4,2.9,7.7
32,Darius Bazley\bazleda01,PF,19,OKC,20,0,16.8,1.6,3.8,0.413,0.7,1.9,0.368,0.9,1.9,0.459,0.507,0.5,0.8,0.563,0.4,3.2,3.5,0.6,0.3,0.5,0.8,0.9,4.3
33,Bradley Beal\bealbr01,SG,26,WAS,19,19,36.8,10.2,21.5,0.472,2.7,7.9,0.347,7.4,13.6,0.544,0.535,5.7,6.9,0.824,0.9,3.5,4.4,7.2,1.1,0.2,3.3,2.6,28.7
34,Malik Beasley\beaslma01,SG,23,DEN,14,0,15.4,2.4,6.4,0.382,1.3,2.9,0.439,1.1,3.4,0.333,0.483,0.4,0.4,1,0.3,1.1,1.4,1.1,0.6,0.1,1.1,1.2,6.5
35,Marco Belinelli\belinma01,SG,33,SAS,20,0,16.1,1.8,6,0.294,0.9,3,0.305,0.9,3,0.283,0.37,0.8,1.1,0.714,0.1,1.6,1.7,1.6,0.3,0,0.5,0.8,5.2
36,Jordan Bell\belljo01,C,25,MIN,10,0,7.9,1.1,2,0.55,0,0.3,0,1.1,1.7,0.647,0.55,0.9,1.3,0.692,1,2.3,3.3,0.6,0,0.4,1.3,0.7,3.1
37,DeAndre' Bembry\bembrde01,SG,25,ATL,22,4,26.4,3.1,6.5,0.486,0.4,1.6,0.257,2.7,4.9,0.561,0.518,0.8,1.7,0.486,1.1,3.6,4.7,2.9,1.5,0.5,1.5,2.3,7.5
38,Dragan Bender\bendedr01,SF,22,MIL,3,0,9.7,2,2.7,0.75,0.7,1.3,0.5,1.3,1.3,1,0.875,0.3,0.3,1,0,0.7,0.7,1,0,0.7,0.3,2,5
39,Dāvis Bertāns\bertada01,PF,27,WAS,19,1,28.3,4.5,9.8,0.462,3.5,7.8,0.446,1.1,2,0.526,0.64,1.1,1.3,0.875,0.8,3.7,4.5,1.7,0.6,0.6,0.7,2.6,13.6
40,Patrick Beverley\beverpa01,PG,31,LAC,20,20,29.8,2.8,7.3,0.379,1.3,4.3,0.291,1.5,3,0.508,0.466,0.7,1.2,0.609,1.4,4.8,6.2,3.3,1.5,0.6,1.5,3.8,7.5
41,Khem Birch\birchkh01,C,27,ORL,12,7,21.7,1.7,3.3,0.513,0,0.1,0,1.7,3.2,0.526,0.513,1,2.1,0.48,2,3.8,5.8,1,0.5,0.6,0.6,2.8,4.3
42,Goga Bitadze\bitadgo01,C,20,IND,15,2,13.4,1.7,3.7,0.473,0.3,0.8,0.333,1.5,2.9,0.512,0.509,0.9,1.3,0.737,1.1,2.3,3.3,0.9,0.1,1.2,0.7,2.1,4.7
43,Bismack Biyombo\biyombi01,C,27,CHO,21,6,16.8,3,5.1,0.574,0,0,,3,5.1,0.574,0.574,1.7,3.1,0.554,1.6,2.8,4.3,0.9,0.3,0.8,0.7,2,7.6
44,Nemanja Bjelica\bjeline01,PF,31,SAC,20,19,26.3,4.2,8.8,0.477,1.8,4.1,0.427,2.5,4.7,0.521,0.577,0.7,0.8,0.933,2,4.8,6.8,2.6,0.9,0.6,1.8,2.9,10.9
45,Eric Bledsoe\bledser01,PG,30,MIL,22,22,27,5.8,12.3,0.47,1.1,3.6,0.313,4.6,8.6,0.537,0.517,2.5,3.2,0.786,0.9,4.2,5.1,5.6,0.8,0.5,2.2,2.5,15.2
46,Bogdan Bogdanović\bogdabo01,SG,27,SAC,18,0,27.5,5.2,12.7,0.406,2.8,7.2,0.385,2.4,5.5,0.434,0.515,1.7,2.3,0.714,0.2,2.5,2.7,4.7,1.4,0.1,1.9,1.8,14.8
47,Bojan Bogdanović\bogdabo02,SF,30,UTA,21,21,33.2,7.2,15.3,0.47,3.2,7,0.459,4,8.3,0.48,0.575,3.4,3.9,0.878,0.7,3.6,4.3,2.1,0.8,0.2,2.7,2,21
48,Jonah Bolden\boldejo01,PF,24,PHI,2,0,2.5,0.5,0.5,1,0,0,,0.5,0.5,1,1,0,1,0,0,0,0,0,0.5,0,0.5,0,1
49,Jordan Bone\bonejo01,PG,22,DET,3,0,2,0.7,1.7,0.4,0,0.3,0,0.7,1.3,0.5,0.4,0,0,,0,0,0,0,0,0,0.7,0.7,1.3
50,Isaac Bonga\bongais01,SF,20,WAS,14,8,15.4,1.6,3,0.524,0.3,0.7,0.4,1.3,2.3,0.563,0.571,0.5,0.7,0.7,0.8,2.1,2.9,1.2,0.6,0.1,0.6,2,3.9
51,Devin Booker\bookede01,SG,23,PHO,20,20,35.3,8.6,17.1,0.504,2.2,5.4,0.407,6.4,11.7,0.549,0.569,4.7,5,0.939,0.5,3.2,3.7,6.2,0.6,0.4,4.1,3.1,24.1
52,Chris Boucher\bouchch01,PF,27,TOR,17,0,12.8,2.1,4.8,0.444,0.5,1.6,0.286,1.6,3.1,0.528,0.494,1.2,1.7,0.69,2.2,2.5,4.7,0.6,0.4,0.9,0.4,1.5,5.9
53,Brian Bowen\bowenbr02,SG,21,IND,3,0,3.3,0.3,1.3,0.25,0,0.3,0,0.3,1,0.333,0.25,0,0,,0,0.3,0.3,0,0,0.3,0,0,0.7
54,Ky Bowman\bowmaky01,PG,22,GSW,23,6,23.6,3.5,7.9,0.448,1,2.5,0.397,2.5,5.3,0.472,0.511,0.8,0.9,0.95,0.6,2.3,2.8,2.7,1,0.1,1.3,2,8.9
55,Avery Bradley\bradlav01,SG,29,LAL,10,10,27.4,4.1,8.4,0.488,0.8,2.8,0.286,3.3,5.6,0.589,0.536,0.6,0.8,0.75,0.7,2.5,3.2,1.8,1,0.1,1.1,2.6,9.6
56,Tony Bradley\bradlto01,C,22,UTA,16,2,9.8,1.8,2.9,0.63,0,0,,1.8,2.9,0.63,0.63,0.7,1,0.688,1.3,2.3,3.5,0.3,0.1,0.5,0.5,1.8,4.3
57,Jarrell Brantley\brantja01,PF,23,UTA,2,0,4.5,0,0,,0,0,,0,0,,,0,0,,0,2,2,0.5,0,1,0.5,0.5,0
58,Ignas Brazdeikis\brazdig01,SF,21,NYK,6,0,7,0.8,3.2,0.263,0.2,1.2,0.143,0.7,2,0.333,0.289,0.5,0.7,0.75,0.3,0.3,0.7,0.2,0,0.2,0.3,0.3,2.3
59,Mikal Bridges\bridgmi01,SF,23,PHO,20,0,20.6,2.4,5.2,0.462,0.5,1.8,0.257,2,3.5,0.565,0.505,1.4,1.8,0.778,0.9,2.7,3.6,1.1,1.4,0.3,0.6,1.8,6.7
60,Miles Bridges\bridgmi02,SF,21,CHO,23,23,30.7,5,11,0.453,1.6,4.3,0.36,3.4,6.7,0.513,0.524,1,1.4,0.75,1.4,4,5.4,1.9,0.5,0.8,1.6,2.1,12.6
61,Oshae Brissett\brissos01,SF,21,TOR,4,0,4.3,0.3,0.8,0.333,0.3,0.3,1,0,0.5,0,0.5,0,0,,0,0.3,0.3,0.3,0.3,0,0.3,0,0.8
62,Ryan Broekhoff\broekry01,SG,29,DAL,4,0,6.3,1,2,0.5,1,1.3,0.8,0,0.8,0,0.75,0,0,,0,1.3,1.3,0.8,0.3,0,0.3,0.3,3
63,Malcolm Brogdon\brogdma01,PG,27,IND,18,18,31.8,6.9,14.7,0.472,1.4,4.3,0.338,5.5,10.4,0.527,0.521,3.6,3.8,0.941,0.7,4.2,4.9,7.9,0.9,0.2,2.8,2.1,18.9
64,Dillon Brooks\brookdi01,SG,24,MEM,21,21,27.6,4.8,12.3,0.39,1.7,4.5,0.379,3.1,7.8,0.396,0.459,1.9,2.3,0.816,1.1,2.5,3.6,2,1,0.4,1.3,4,13.2
65,Bruce Brown\brownbr01,SG,23,DET,22,18,26.5,3,7,0.431,0.5,1.6,0.333,2.5,5.3,0.462,0.471,0.9,1.7,0.541,0.7,3.3,4,3.5,1,0.5,1.9,2.7,7.5
66,Charlie Brown\brownch02,SG,22,ATL,4,0,4,0.3,0.8,0.333,0.3,0.3,1,0,0.5,0,0.5,1,1,1,0.5,0.3,0.8,0,0,0.3,0,0,1.8
67,Jaylen Brown\brownja02,SF,23,BOS,17,17,33.5,7.5,15.1,0.494,2,5.2,0.382,5.5,9.9,0.554,0.56,3,4.2,0.718,1.2,5.8,6.9,1.9,1.2,0.3,1.6,3.1,19.9
68,Moses Brown\brownmo01,C,20,POR,4,0,3.8,0.8,1.8,0.429,0,0,,0.8,1.8,0.429,0.429,0.5,1,0.5,0.5,1.8,2.3,0,0.3,0,0.3,1,2
69,Sterling Brown\brownst02,SF,24,MIL,15,0,17,2.1,4.9,0.419,1,2.7,0.375,1.1,2.3,0.471,0.52,0.7,0.9,0.769,0.7,4.3,5,1.5,0.5,0.1,1,1.4,5.8
70,Troy Brown\browntr01,SG,20,WAS,16,11,21.1,2.9,6.6,0.438,0.4,1.7,0.259,2.4,4.9,0.5,0.471,0.7,0.9,0.786,1.4,3.8,5.1,1.8,1.3,0.1,1.1,1.4,6.9
71,Jalen Brunson\brunsja01,PG,23,DAL,21,3,16,3,6.1,0.481,0.6,2,0.293,2.4,4.2,0.568,0.527,1,1.5,0.71,0.6,1.9,2.5,2.7,0.5,0,0.9,1.2,7.5
72,Thomas Bryant\bryanth01,C,22,WAS,18,18,28.4,5.6,10.2,0.549,0.6,1.9,0.286,5.1,8.3,0.611,0.576,2.2,2.9,0.736,2.3,6.2,8.5,2.7,0.4,1,1.3,2.4,13.9
73,Trey Burke\burketr01,PG,27,PHI,7,0,17.4,2.3,6.4,0.356,0.7,1.9,0.385,1.6,4.6,0.344,0.411,0.9,1.1,0.75,0.6,1,1.6,3.3,0.4,0.1,0.6,0.7,6.1
74,Alec Burks\burksal01,SG,28,GSW,20,10,29.2,5,12.2,0.412,1.5,4.2,0.349,3.6,8,0.444,0.471,3.6,4.1,0.877,0.7,3.8,4.4,2.8,1,0.3,1.4,2.2,15
75,Deonte Burton\burtode02,SG,26,OKC,12,0,8.4,1.1,2.8,0.394,0.4,1.4,0.294,0.7,1.3,0.5,0.47,0.3,0.3,0.75,0.3,1.5,1.8,0.3,0.1,0.1,0.3,0.9,2.8
76,Jimmy Butler\butleji01,SF,30,MIA,17,17,34.1,5.8,13.4,0.436,1.1,3.3,0.321,4.8,10.1,0.474,0.476,7.4,8.6,0.856,2.1,3.9,6,6.5,2.4,0.7,2.5,1.2,20.1
77,Bruno Caboclo\cabocbr01,SF,24,MEM,13,0,10.9,1.6,4.1,0.396,0.2,1.5,0.158,1.4,2.6,0.529,0.425,0.2,0.2,0.667,1,1.5,2.5,0.6,0.5,0.8,0.5,1.2,3.6
78,Kentavious Caldwell-Pope\caldwke01,SG,26,LAL,22,12,23.7,3.1,6.8,0.453,1.1,2.9,0.391,2,3.9,0.5,0.537,0.7,0.9,0.8,0.5,1.7,2.2,1.5,0.8,0.2,0.9,1.7,8
79,Vlatko Čančar\cancavl01,SF,22,DEN,1,0,2,0,0,,0,0,,0,0,,,0,0,,0,0,0,0,0,0,0,0,0
80,Clint Capela\capelca01,C,25,HOU,16,16,32.8,6.8,10.4,0.657,0,0,,6.8,10.4,0.657,0.657,1.4,3.1,0.469,4,11.1,15.1,1.1,0.9,2,1.5,2.9,15.1
81,DeMarre Carroll\carrode01,SF,33,SAS,11,0,10.9,0.6,2.3,0.28,0.3,1.1,0.25,0.4,1.2,0.308,0.34,0.9,1.3,0.714,0.6,2,2.6,0.9,0.2,0.2,0.8,1.5,2.5
82,Jevon Carter\carteje01,PG,24,PHO,15,2,14.9,1.5,3.7,0.4,0.9,2.3,0.412,0.5,1.4,0.381,0.527,0.3,0.3,1,0.2,1.6,1.8,1.9,0.9,0.3,1,1.6,4.1
83,Vince Carter\cartevi01,SF,43,ATL,17,0,14.9,1.8,5.4,0.341,0.9,3.6,0.246,0.9,1.8,0.533,0.423,0.4,0.5,0.75,0.2,1.8,1.9,0.7,0.4,0.3,0.6,1.7,4.9
84,Wendell Carter\cartewe01,C,20,CHI,22,22,29.5,4.9,8.6,0.568,0.1,0.7,0.133,4.8,8,0.606,0.574,2.8,4,0.697,3.6,6.3,9.9,0.9,0.7,0.9,1.6,4,12.7
85,Michael Carter-Williams\cartemi01,SG,28,ORL,11,0,14.7,1.4,4.7,0.288,0.3,1.7,0.158,1.1,3,0.364,0.317,1.7,2.1,0.826,1.1,1.9,3,1.6,0.7,0.5,1,1.5,4.7
86,Alex Caruso\carusal01,PG,25,LAL,20,0,20,2,4.6,0.435,0.7,2.1,0.31,1.4,2.5,0.54,0.505,0.4,0.6,0.667,0.2,1.9,2,1.9,1.1,0.4,1.1,1.6,5.1
87,Willie Cauley-Stein\caulewi01,C,26,GSW,20,19,22.2,3.4,6.2,0.545,0,0,,3.4,6.2,0.545,0.545,0.8,1.2,0.696,1.4,5.1,6.5,1.6,1.1,1.2,1,2.9,7.5
88,Tyson Chandler\chandty01,C,37,HOU,18,4,9.1,0.7,0.9,0.765,0,0,,0.7,0.9,0.765,0.765,0.3,0.5,0.556,1.1,1.7,2.7,0.3,0.3,0.4,0.3,1.3,1.7
89,Zylan Cheatham\cheatzy01,SF,24,NOP,2,0,10,0.5,2,0.25,0,0.5,0,0.5,1.5,0.333,0.25,0,0,,0,1.5,1.5,0.5,0,0,0.5,1.5,1
90,Chris Chiozza\chiozch01,PG,24,WAS,5,0,9.6,0.4,2.2,0.182,0.4,0.8,0.5,0,1.4,0,0.273,0,0,,0,1,1,1.8,0.8,0.4,1,1.2,1.2
91,Marquese Chriss\chrisma01,PF,22,GSW,22,1,18,2.5,5.3,0.47,0.1,0.8,0.176,2.4,4.5,0.52,0.483,2,2.3,0.86,1.4,3.4,4.7,2,0.8,1,1.5,2,7.1
92,Gary Clark\clarkga01,PF,25,HOU,7,0,10.3,1.1,3.1,0.364,0.7,2.6,0.278,0.4,0.6,0.75,0.477,0,0,,0.9,1.6,2.4,0.7,0.1,0.1,0.1,1.1,3
93,Brandon Clarke\clarkbr01,PF,23,MEM,18,2,21.2,5.1,8.1,0.63,0.6,1.2,0.455,4.6,6.9,0.661,0.664,1.1,1.3,0.826,1.3,4.6,5.9,1.3,0.5,0.9,1.1,1.7,11.8
94,Jordan Clarkson\clarkjo01,SG,27,CLE,20,0,22.4,4.6,10.9,0.417,1.8,5,0.35,2.8,5.9,0.475,0.498,3.1,3.5,0.886,0.6,1.6,2.2,2.5,0.6,0.3,1.3,1.2,14
95,Nicolas Claxton\claxtni01,PF,20,BRK,9,0,13.2,1.2,2.3,0.524,0,0.6,0,1.2,1.8,0.688,0.524,0.6,1.3,0.417,0.9,1.6,2.4,1.2,0.1,0.6,0.7,1.1,3
96,Chris Clemons\clemoch01,SG,22,HOU,14,0,9.1,1.7,4.1,0.414,1.3,3.3,0.391,0.4,0.9,0.5,0.569,0.2,0.3,0.75,0.1,0.5,0.6,0.4,0.2,0.1,0.4,1,4.9
97,John Collins\collijo01,PF,22,ATL,5,5,32.2,6.4,12.2,0.525,1.8,3.8,0.474,4.6,8.4,0.548,0.598,2.4,3.4,0.706,2,6.8,8.8,1.6,1,2,1.4,3.4,17
98,Zach Collins\colliza01,PF,22,POR,3,3,28.7,3,6.3,0.474,1,2.3,0.429,2,4,0.5,0.553,2,2,1,1.3,2.7,4,2,0,0.7,2,3.7,9
99,Mike Conley\conlemi01,PG,32,UTA,21,21,29.9,4.6,12.5,0.369,1.9,5.1,0.374,2.7,7.4,0.365,0.445,2.8,3.5,0.795,0.8,2.7,3.5,4.6,0.7,0.2,2.1,2.1,13.9
100,Pat Connaughton\connapa01,SG,27,MIL,20,0,18,2.1,4.5,0.472,0.8,2.5,0.32,1.3,2,0.667,0.562,0.6,0.8,0.75,0.5,3.6,4.1,1.9,0.3,0.6,0.6,1,5.6
101,Quinn Cook\cookqu01,PG,26,LAL,18,0,13.7,2.2,5.1,0.435,0.7,1.8,0.364,1.6,3.3,0.475,0.5,0.2,0.3,0.8,0.2,1.1,1.3,1.6,0.3,0.1,0.8,0.6,5.3
102,Tyler Cook\cookty01,PF,22,CLE,6,0,2.8,0.8,1,0.833,0,0,,0.8,1,0.833,0.833,0.3,0.3,1,0.5,0.3,0.8,0,0.2,0,0.2,0.2,2
103,Robert Covington\covinro01,PF,29,MIN,19,19,27.3,4.3,9.4,0.455,2.2,5.7,0.376,2.1,3.6,0.58,0.57,1.9,2.2,0.881,0.7,4.7,5.4,1.2,1.4,0.9,1.5,2.9,12.6
104,Allen Crabbe\crabbal01,SG,27,ATL,10,1,18.9,2,5.4,0.37,0.8,3.3,0.242,1.2,2.1,0.571,0.444,0.5,0.7,0.714,0.5,2.2,2.7,0.9,0.5,0.2,0.4,0.7,5.3
105,Torrey Craig\craigto01,SF,29,DEN,13,2,14.4,1.1,3.2,0.341,0.3,1.5,0.2,0.8,1.6,0.476,0.39,0.3,0.7,0.444,0.7,2,2.7,1.2,0.4,0.8,0.4,2,2.8
106,Jae Crowder\crowdja01,SF,29,MEM,21,21,31,3.6,9.1,0.398,2.2,6.6,0.333,1.4,2.5,0.566,0.518,1.4,2,0.707,0.8,5.2,6,2.8,0.8,0.4,1.4,2,10.8
107,Jarrett Culver\culveja01,SG,20,MIN,20,10,24,3.6,9.7,0.373,1.1,4,0.278,2.5,5.7,0.439,0.43,1,2.2,0.432,1.1,2.4,3.5,2.5,1,0.6,1.4,2.1,9.3
108,Seth Curry\curryse01,SG,29,DAL,19,9,21.4,2.7,6.4,0.43,1.5,4,0.382,1.2,2.4,0.511,0.55,1.4,1.5,0.929,0.3,1.5,1.8,1.6,0.6,0.2,0.8,1.8,8.4
109,Stephen Curry\curryst01,PG,31,GSW,4,4,28,6.8,16.5,0.409,2.3,9.3,0.243,4.5,7.3,0.621,0.477,4.5,4.5,1,1,4,5,6.5,1.3,0.5,3.8,2.5,20.3
110,Troy Daniels\danietr01,SG,28,LAL,17,0,14.7,1.8,4.9,0.361,1.2,3.6,0.328,0.6,1.3,0.455,0.482,0.2,0.2,0.75,0.2,1.2,1.5,0.4,0.4,0.1,0.3,0.6,4.9
111,Anthony Davis\davisan02,PF,26,LAL,21,21,34.2,9,18.5,0.49,1.1,3.2,0.343,8,15.3,0.52,0.519,6.9,8,0.862,2.5,6.6,9.1,3.2,1.4,2.7,2.3,2.4,26
112,Ed Davis\davised01,C,30,UTA,10,0,12.1,0.8,1.8,0.444,0,0,,0.8,1.8,0.444,0.444,0.3,0.6,0.5,1.4,3.5,4.9,0.4,0.2,0.6,0.9,2.5,1.9
113,Terence Davis\daviste02,SG,22,TOR,20,0,15.8,2.5,5,0.49,1.2,2.7,0.426,1.3,2.3,0.565,0.605,0.7,0.8,0.933,0.6,2.5,3.1,2,0.4,0.3,0.7,2,6.8
114,Dewayne Dedmon\dedmode01,C,30,SAC,20,4,14.9,2.1,5,0.42,0.6,2.4,0.234,1.6,2.7,0.585,0.475,0.6,0.7,0.846,1.3,2.9,4.2,0.4,0.5,0.6,1.5,2.6,5.3
115,Matthew Dellavedova\dellama01,PG,29,CLE,18,0,13.1,0.8,3,0.259,0.2,1.8,0.094,0.6,1.2,0.5,0.287,0.7,0.7,0.923,0.2,1.1,1.3,2.1,0.4,0.1,0.8,1.5,2.4
116,DeMar DeRozan\derozde01,SF,30,SAS,22,22,34,8.4,16.3,0.514,0.1,0.4,0.222,8.3,15.9,0.521,0.517,4.9,6,0.817,0.5,5,5.5,4.7,0.9,0.5,2.5,2.9,21.7
117,Cheick Diallo\diallch01,C,23,PHO,14,0,10.3,2.6,3.4,0.787,0.1,0.1,1,2.6,3.3,0.783,0.798,0.8,0.9,0.846,0.8,2.1,2.9,0.5,0.1,0.3,0.5,0.9,6.1
118,Hamidou Diallo\diallha01,SF,21,OKC,12,1,21.3,3.8,7.7,0.5,0.2,1.1,0.154,3.7,6.6,0.557,0.511,0.9,1.5,0.611,1.2,2.7,3.8,0.8,1.5,0.3,1.2,2.4,8.8
119,Gorgui Dieng\dienggo01,C,30,MIN,16,2,12.5,1.9,4.3,0.449,0.5,1.5,0.333,1.4,2.8,0.511,0.507,0.8,1,0.75,0.9,3.3,4.3,1.2,0.7,1.1,0.6,1.4,5.1
120,Spencer Dinwiddie\dinwisp01,SG,26,BRK,21,10,29.4,6.8,16,0.424,1.9,6,0.315,4.9,9.9,0.49,0.484,5.4,6.2,0.863,0.2,2.7,2.9,5.8,0.9,0.5,2.7,3.5,20.8
121,Donte DiVincenzo\divindo01,SG,23,MIL,19,10,20.9,3.3,7.6,0.428,1.3,3.8,0.347,1.9,3.8,0.507,0.514,0.7,1.1,0.7,0.8,3.4,4.3,1.6,1.4,0.2,1.1,1.7,8.6
122,Luka Dončić\doncilu01,PG,20,DAL,21,21,33.7,9.7,20.3,0.478,3.1,9.5,0.327,6.6,10.9,0.61,0.554,7.8,9.5,0.815,1.5,8.7,10.1,9.2,1.4,0.1,4.6,2.4,30.3
123,Damyean Dotson\dotsoda01,SG,25,NYK,17,0,16.4,2.3,5.6,0.411,0.9,3.1,0.302,1.4,2.5,0.548,0.495,0.6,0.8,0.769,0.1,1.5,1.6,1.1,0.5,0.2,0.6,0.9,6.1
124,Sekou Doumbouya\doumbse01,SF,19,DET,4,0,2.8,0.8,1.5,0.5,0,0.3,0,0.8,1.3,0.6,0.5,0,0.3,0,0,0.5,0.5,0,0,0,0,0.8,1.5
125,Goran Dragić\dragigo01,PG,33,MIA,18,1,28.7,5.4,11.6,0.466,2.2,5.3,0.406,3.2,6.2,0.518,0.56,3,4.2,0.711,0.3,2.9,3.2,5,0.7,0.2,2.6,1.8,15.9
126,Andre Drummond\drumman01,C,26,DET,22,22,33.9,7.4,13.5,0.545,0,0.5,0,7.4,13,0.566,0.545,2.6,4.2,0.613,4.6,12.1,16.8,3.2,1.7,2,3.9,3.8,17.3
127,Jared Dudley\dudleja01,SF,34,LAL,13,0,7.2,0.4,0.8,0.455,0.4,0.6,0.625,0,0.2,0,0.682,0.2,0.2,1,0.1,0.6,0.7,0.7,0.4,0.1,0.2,0.6,1.3
128,Kris Dunn\dunnkr01,PG,25,CHI,22,3,21.1,2.8,6.5,0.427,0.4,2.1,0.191,2.4,4.4,0.542,0.458,0.4,0.6,0.692,0.5,2.6,3.1,3.1,1.9,0.3,1,3.4,6.4
129,Carsen Edwards\edwarca01,SG,21,BOS,18,0,11.7,1.3,4.3,0.308,0.8,2.6,0.319,0.5,1.7,0.29,0.404,0.6,0.7,0.846,0.3,1.5,1.8,0.9,0.4,0.1,0.5,1.1,4.1
130,Henry Ellenson\ellenhe01,PF,23,BRK,1,0,3,0,0,,0,0,,0,0,,,0,0,,0,0,0,0,0,0,0,0,0
131,Wayne Ellington\ellinwa01,SG,32,NYK,17,1,14.5,1.5,4.6,0.321,1.2,4,0.309,0.2,0.6,0.4,0.455,0.2,0.4,0.667,0.1,1.6,1.6,0.9,0.1,0.1,0.6,1.2,4.4
132,Joel Embiid\embiijo01,C,25,PHI,17,17,30.1,7.2,15.9,0.454,1.2,3.8,0.313,6.1,12.2,0.498,0.491,6.8,8.3,0.816,2.6,9.6,12.2,2.9,0.9,1.4,2.9,3.5,22.4
133,James Ennis\ennisja01,SF,29,PHI,21,0,17.2,2.6,5.1,0.505,1,2.2,0.426,1.6,2.9,0.567,0.598,1.4,1.8,0.763,1.2,2.3,3.5,0.8,0.6,0.3,0.7,1.9,7.5
134,Drew Eubanks\eubandr01,PF,22,SAS,4,0,7.8,1.3,2.5,0.5,0,0,,1.3,2.5,0.5,0.5,0.3,0.3,1,1.3,2,3.3,0.5,0,0.3,1,1,2.8
135,Jacob Evans\evansja02,SG,22,GSW,3,0,14.3,1.7,4,0.417,1.3,2.7,0.5,0.3,1.3,0.25,0.583,1.3,1.3,1,0.3,1.3,1.7,0.7,0,0,0.3,0.7,6
136,Dante Exum\exumda01,SG,24,UTA,9,0,8,0.9,1.9,0.471,0.2,0.4,0.5,0.7,1.4,0.462,0.529,0.2,0.2,1,0.3,0.7,1,0.6,0.1,0.2,0.9,0.8,2.2
137,Tacko Fall\fallta01,C,24,BOS,1,0,4,2,4,0.5,0,0,,2,4,0.5,0.5,0,0,,0,3,3,0,0,0,1,2,4
138,Derrick Favors\favorde01,C,28,NOP,9,7,21,4,6.4,0.621,0.1,0.2,0.5,3.9,6.2,0.625,0.629,0.2,0.7,0.333,3.4,5.4,8.9,2.1,0.6,0.4,1.6,2.3,8.3
139,Terrance Ferguson\fergute01,SF,21,OKC,19,19,26.2,2.1,4.8,0.424,1.2,3.4,0.354,0.8,1.4,0.593,0.549,0.4,0.5,0.778,0.6,1.3,1.9,1,0.5,0.3,0.7,3,5.7
140,Bruno Fernando\fernabr01,C,21,ATL,22,0,12.3,1.8,3.2,0.549,0.2,0.6,0.286,1.6,2.6,0.614,0.577,0.6,1,0.591,1.2,1.6,2.8,1.1,0.2,0.4,1,1.6,4.3
141,Yogi Ferrell\ferreyo01,PG,26,SAC,16,0,13.1,1.9,4.2,0.448,0.5,1.4,0.348,1.4,2.8,0.5,0.507,1.1,1.3,0.85,0.3,1.3,1.5,1.7,0.4,0.1,0.8,0.9,5.3
142,Dorian Finney-Smith\finnedo01,PF,26,DAL,21,18,26.8,3.1,6.7,0.461,1.1,3.5,0.311,2,3.2,0.627,0.543,1.1,1.6,0.706,1.8,3.1,5,1,0.6,0.4,1,2,8.4
143,Bryn Forbes\forbebr01,SG,26,SAS,22,22,27.3,4.6,11,0.416,2.5,6.7,0.365,2.1,4.3,0.495,0.527,1.4,1.7,0.838,0.3,2.2,2.5,2,0.5,0,0.7,2,13
144,Evan Fournier\fournev01,SG,27,ORL,21,21,30.8,7,14.1,0.492,2.8,6.2,0.446,4.2,8,0.527,0.589,3.1,3.7,0.846,0.2,2.8,3,3.3,1,0.1,2.1,2.2,19.8
145,De'Aaron Fox\foxde01,PG,22,SAC,9,9,32,6.1,14.2,0.43,1.1,3.3,0.333,5,10.9,0.459,0.469,4.9,6.9,0.71,0.6,3.4,4,7,0.8,0.6,4.1,3,18.2
146,Melvin Frazier\frazime01,SG,23,ORL,4,0,2.8,0.3,1.5,0.167,0,0.3,0,0.3,1.3,0.2,0.167,0,0,,0.3,0,0.3,0.3,0,0,0,0.3,0.5
147,Tim Frazier\fraziti01,PG,29,DET,13,4,10.6,0.8,3.3,0.233,0.2,1.1,0.214,0.5,2.2,0.241,0.267,0.8,1.1,0.786,0.3,0.7,1,2.9,0.6,0.2,0.9,1.4,2.6
148,Markelle Fultz\fultzma01,PG,21,ORL,21,16,25.5,5,10.1,0.498,0.4,1.8,0.216,4.7,8.4,0.557,0.516,1.7,2.1,0.778,0.5,2,2.5,4,1.3,0.2,1.8,2.1,12.1
149,Wenyen Gabriel\gabriwe01,PF,22,SAC,7,0,6.7,0.7,2.3,0.313,0.1,1.1,0.125,0.6,1.1,0.5,0.344,0.7,1.3,0.556,0.6,0.6,1.1,0.4,0.3,0.3,0.4,0.9,2.3
150,Daniel Gafford\gaffoda01,C,21,CHI,13,0,10.3,1.7,2.4,0.71,0,0,,1.7,2.4,0.71,0.71,0.8,1.6,0.476,0.9,0.8,1.8,0.1,0,0.8,0.1,1.4,4.2
151,Danilo Gallinari\gallida01,PF,31,OKC,20,20,30,5.6,12.5,0.45,2.9,6.6,0.432,2.8,5.9,0.47,0.564,4.4,4.8,0.917,0.6,5.1,5.6,2.2,0.6,0.1,1.3,1.6,18.5
152,Langston Galloway\gallola01,SG,28,DET,22,6,27.9,4,8.9,0.451,2.5,5.8,0.441,1.5,3.1,0.471,0.595,2,2.3,0.9,0.4,1.8,2.1,1.6,0.6,0.3,0.8,1.2,12.6
153,Darius Garland\garlada01,PG,20,CLE,20,20,28.2,4.1,10.7,0.379,1.6,4.3,0.372,2.5,6.4,0.383,0.453,1.1,1.3,0.84,0.2,1.3,1.5,3,0.8,0,2.6,1.3,10.8
154,Marc Gasol\gasolma01,C,35,TOR,20,20,28.7,2.2,6.4,0.339,1.3,3.4,0.368,0.9,3,0.305,0.437,1,1.2,0.792,0.7,5.7,6.4,3.4,0.5,1,1.3,3.3,6.5
155,Rudy Gay\gayru01,PF,33,SAS,22,3,23.2,4.2,9.1,0.46,0.9,3.2,0.271,3.3,5.9,0.562,0.508,2.2,2.5,0.889,1.3,4.6,5.9,1.9,0.4,0.6,1.6,1.5,11.4
156,Paul George\georgpa01,SF,29,LAC,11,11,29.5,7.5,16.6,0.448,4,9.5,0.423,3.5,7.2,0.481,0.568,4.6,5,0.927,0.5,5.5,6.1,3.5,1.3,0.4,3.5,2.2,23.5
157,Taj Gibson\gibsota01,C,34,NYK,19,13,16.4,2.5,4.8,0.516,0.1,0.4,0.25,2.4,4.4,0.542,0.527,0.5,0.8,0.6,2.1,2.5,4.6,1.1,0.7,0.2,0.7,2.3,5.5
158,Harry Giles\gilesha01,PF,21,SAC,7,0,7.4,1.6,3.6,0.44,0,0,,1.6,3.6,0.44,0.44,0.3,0.3,1,0.4,0.6,1,0.7,0.3,0.4,0.7,1.9,3.4
159,Shai Gilgeous-Alexander\gilgesh01,SG,21,OKC,20,20,34.4,6.8,15.7,0.433,1.5,4.3,0.341,5.4,11.5,0.467,0.479,3.1,3.9,0.782,0.8,4.2,5,3.1,1,0.5,2.2,1.8,18.1
160,Rudy Gobert\goberru01,C,27,UTA,20,20,34.1,5.2,8,0.654,0,0,,5.2,8,0.654,0.654,3.6,5.8,0.612,3.4,10.1,13.5,1.2,0.9,2,2.2,3.2,14
161,Brandon Goodwin\goodwbr01,PG,24,ATL,2,0,2.5,0,0.5,0,0,0.5,0,0,0,,0,0,0,,0,0,0,0,0,0,1,0.5,0
162,Aaron Gordon\gordoaa01,PF,24,ORL,18,18,30.7,5.1,11.7,0.431,1.3,4,0.333,3.7,7.7,0.482,0.488,2.4,3.4,0.705,1.5,5.1,6.6,2.9,0.7,0.4,1.3,2.2,13.8
163,Eric Gordon\gordoer01,SG,31,HOU,9,2,29.4,3.8,12.2,0.309,2.3,8.2,0.284,1.4,4,0.361,0.405,1,1.6,0.643,0.3,1.6,1.9,0.8,0.6,0.2,1.3,2.3,10.9
164,Devonte' Graham\grahade01,PG,24,CHO,23,13,33.6,6.1,14.9,0.411,3.6,8.6,0.414,2.6,6.3,0.407,0.531,2.9,3.5,0.815,1,2.7,3.7,7.7,0.6,0.2,3.1,1.7,18.7
165,Treveon Graham\grahatr01,SG,26,MIN,19,17,23.7,2.4,6.8,0.346,0.6,3.1,0.203,1.7,3.7,0.465,0.392,0.9,1.2,0.818,1.1,2.7,3.7,1.2,0.7,0.1,0.6,2.4,6.3
166,Jerami Grant\grantje01,PF,25,DEN,18,0,22.2,3.4,7.8,0.44,1,3.2,0.316,2.4,4.7,0.524,0.504,1.2,1.9,0.629,0.6,2.9,3.6,1.1,0.3,0.6,0.7,1.7,9.1
167,Josh Gray\grayjo01,PG,26,NOP,2,0,11.5,0.5,1,0.5,0,0,,0.5,1,0.5,0.5,0,0,,0.5,0.5,1,1,0,0,2.5,0.5,1
168,Danny Green\greenda02,SG,32,LAL,22,22,25.5,3,7,0.426,1.9,5,0.385,1.1,2.1,0.522,0.561,0.4,0.5,0.727,0.7,2.9,3.5,1.2,1.3,0.5,1,2.4,8.3
169,Draymond Green\greendr01,PF,29,GSW,14,14,27.6,3.1,7.6,0.402,0.7,2.6,0.278,2.4,5.1,0.465,0.449,1.4,1.9,0.741,0.4,5.9,6.3,5.6,1.4,0.5,2.1,2.6,8.3
170,JaMychal Green\greenja01,PF,29,LAC,21,0,22.1,2.6,6.3,0.417,1.6,4.2,0.382,1,2,0.488,0.545,0.9,1,0.857,1.4,5.5,6.9,0.5,0.6,0.3,1,2.5,7.7
171,Javonte Green\greenja02,SF,26,BOS,14,0,6.5,1.2,2.2,0.548,0.2,0.7,0.3,1,1.5,0.667,0.597,0.1,0.4,0.4,0.2,0.8,1,0.3,0.3,0,0.2,0.8,2.8
172,Jeff Green\greenje02,PF,33,UTA,22,2,19,2.5,6.5,0.375,1.1,3.6,0.316,1.3,3,0.446,0.462,2,2.5,0.796,0.4,2.5,2.9,0.6,0.5,0.5,1.1,1.8,8
173,Blake Griffin\griffbl01,PF,30,DET,10,10,28.6,6.1,14.7,0.415,1.9,6.1,0.311,4.2,8.6,0.488,0.48,4.7,5.9,0.797,1.2,4,5.2,3.3,0.2,0.3,2.7,1.6,18.8
174,Marko Guduric\gudurma01,SG,24,MEM,21,0,15.1,2,5.1,0.38,0.8,2.5,0.302,1.2,2.6,0.455,0.454,0.6,0.6,1,0.5,1.5,2,1.5,0.3,0.2,1.1,1,5.2
175,Rui Hachimura\hachiru01,PF,21,WAS,19,19,28,5.8,11.9,0.487,0.4,2,0.211,5.4,9.9,0.543,0.504,1.4,1.7,0.844,1.5,4.1,5.6,1.7,0.7,0.2,0.8,2.2,13.4
176,Devon Hall\hallde01,SG,24,OKC,2,0,7.5,0.5,2,0.25,0,1,0,0.5,1,0.5,0.25,1.5,2,0.75,0,0.5,0.5,1,0,0,0.5,0.5,2.5
177,Tim Hardaway\hardati02,SG,27,DAL,21,8,24.5,4.2,10.2,0.409,2.2,6.2,0.354,2,4,0.494,0.516,1.8,2.2,0.809,0.3,1.9,2.1,1.7,0.6,0.1,0.6,1.9,12.4
178,James Harden\hardeja01,SG,30,HOU,20,20,37.4,10.8,24.8,0.433,4.9,14.3,0.344,5.9,10.6,0.555,0.532,13.1,14.9,0.876,1,5.1,6.1,7.8,1.8,0.5,5.2,3.2,39.5
179,Maurice Harkless\harklma01,SF,26,LAC,22,12,22.1,2.2,4.5,0.5,0.5,1.4,0.367,1.7,3.1,0.559,0.556,0.5,1,0.5,0.9,2,2.9,1.1,1,0.8,0.9,3,5.5
180,Jared Harper\harpeja01,PG,22,PHO,1,0,2,0,1,0,0,1,0,0,0,,0,0,0,,0,0,0,0,0,0,0,0,0
181,Montrezl Harrell\harremo01,C,26,LAC,22,2,29.7,8,13.2,0.601,0,0.4,0,8,12.9,0.618,0.601,3.2,5.1,0.619,3,5,8,2.2,0.9,1.2,1.8,2.2,19.1
182,Gary Harris\harriga01,SG,25,DEN,18,18,32.3,4.2,10.1,0.414,1.4,4.2,0.347,2.7,5.9,0.462,0.486,1.2,1.6,0.759,0.6,2.6,3.2,1.7,1.3,0.3,0.9,2.2,11
183,Joe Harris\harrijo01,SF,28,BRK,21,21,31.7,5.5,11.4,0.481,2.8,6.3,0.439,2.7,5.1,0.533,0.603,0.8,1,0.773,0.9,3,3.9,1.9,0.8,0.4,1.4,2.5,14.5
184,Tobias Harris\harrito02,PF,27,PHI,21,21,34.2,7.3,14.9,0.489,1.2,4.2,0.295,6,10.7,0.564,0.53,2.6,3.4,0.775,0.7,6.5,7.2,3.1,1,0.8,2.1,3,18.4
185,Shaquille Harrison\harrish01,SF,26,CHI,12,4,9.8,1.4,3.6,0.395,0.3,0.8,0.333,1.2,2.8,0.412,0.43,0.7,1.2,0.571,0.4,1.8,2.3,1.4,0.4,0.3,0.4,1.2,3.8
186,Josh Hart\hartjo01,SF,24,NOP,14,4,28.1,3.9,8.8,0.447,2.3,5.9,0.386,1.6,2.9,0.575,0.577,1.8,2.3,0.781,1.2,5.4,6.6,1.4,1.2,0.4,1.4,2.8,11.9
187,Isaiah Hartenstein\harteis01,C,21,HOU,7,0,13.4,1.6,2.1,0.733,0,0.1,0,1.6,2,0.786,0.733,1.3,1.6,0.818,1.1,2.4,3.6,0.6,0.3,0.6,0.9,2.1,4.4
188,Udonis Haslem\hasleud01,PF,39,MIA,2,0,5.5,0.5,0.5,1,0,0,,0.5,0.5,1,1,1.5,2,0.75,0,1.5,1.5,0,0,0,0,1.5,2.5
189,Jaxson Hayes\hayesja02,C,19,NOP,18,8,20.2,3.3,5.3,0.615,0,0.1,0,3.3,5.2,0.628,0.615,1.7,2.7,0.633,1.9,2.7,4.6,0.7,0.8,0.9,0.9,3.1,8.3
190,Gordon Hayward\haywago01,SF,29,BOS,8,8,31.1,7.6,13.8,0.555,1.6,3.8,0.433,6,10,0.6,0.614,2,2.4,0.842,0.8,6.4,7.1,4.1,0.8,0.3,1.9,1.9,18.9
191,John Henson\hensojo01,PF,29,CLE,2,0,11,1,2.5,0.4,0,1,0,1,1.5,0.667,0.4,0.5,3,0.167,1,1.5,2.5,1,1.5,1.5,1,0.5,2.5
192,Dewan Hernandez\hernade01,C,23,TOR,3,0,3,0.3,1.7,0.2,0,0.3,0,0.3,1.3,0.25,0.2,0.7,0.7,1,0.7,1.7,2.3,0,0.3,0,0.3,1.7,1.3
193,Juan Hernangómez\hernaju01,PF,24,DEN,11,0,12.9,1.3,2.9,0.438,0.6,1.8,0.35,0.6,1.1,0.583,0.547,0.3,0.6,0.429,0.5,1.9,2.5,0.6,0.1,0.3,0.6,0.7,3.5
194,Willy Hernangómez\hernawi01,C,25,CHO,7,0,8.1,1.3,2.9,0.45,0.3,0.7,0.4,1,2.1,0.467,0.5,0.6,1.1,0.5,1.3,1.7,3,0.3,0.1,0.4,0.7,0.6,3.4
195,Tyler Herro\herroty01,SG,20,MIA,20,3,28.2,4.9,11.1,0.439,2,5.1,0.392,2.9,6,0.479,0.529,1.9,2.3,0.822,0.3,3.5,3.8,2,0.7,0.2,2.1,1.5,13.6
196,Mario Hezonja\hezonma01,PF,24,POR,19,4,17.7,1.6,4.5,0.36,0.5,1.5,0.345,1.1,3,0.368,0.419,1,1.2,0.826,0.6,3.9,4.5,1.1,0.6,0.1,0.9,2.2,4.8
197,Buddy Hield\hieldbu01,SG,27,SAC,20,20,34.1,7.5,18.1,0.412,3.8,10.5,0.359,3.7,7.7,0.484,0.515,2.3,2.7,0.849,0.9,3.9,4.8,2.7,0.9,0.4,2.7,2.6,20.9
198,George Hill\hillge01,PG,33,MIL,20,0,21.4,3.3,6.3,0.528,1.6,3.1,0.525,1.7,3.2,0.531,0.656,1.4,1.7,0.824,1,2,3,3.2,0.7,0.1,0.8,1.6,9.6
199,Solomon Hill\hillso01,SF,28,MEM,19,1,19.4,2.3,5.3,0.436,1.2,2.9,0.411,1.1,2.4,0.467,0.55,0.5,0.8,0.625,0.6,2.7,3.3,1.8,0.9,0.1,0.8,1.7,6.4
200,Jaylen Hoard\hoardja01,SF,20,POR,3,0,3.7,0.3,0.7,0.5,0,0,,0.3,0.7,0.5,0.5,0,0,,0.3,1,1.3,0.3,0.3,0,0,0.3,0.7
201,Aaron Holiday\holidaa01,PG,23,IND,19,8,21.3,3.4,8.7,0.394,1.5,3.8,0.384,1.9,4.8,0.402,0.479,0.5,0.5,0.9,0.5,2.1,2.6,2.8,0.9,0.1,1.4,1.6,8.8
202,Jrue Holiday\holidjr01,SG,29,NOP,19,19,36.2,7.7,17.4,0.441,1.8,5.3,0.347,5.8,12.1,0.483,0.494,2.1,2.8,0.741,1.2,3.7,4.9,6.9,1.9,0.8,3.3,2.5,19.3
203,Justin Holiday\holidju01,SG,30,IND,21,2,25.4,2.8,6.6,0.428,1.7,4.1,0.407,1.1,2.5,0.462,0.554,0.9,1.1,0.826,0.4,3.4,3.8,1.6,1,0.6,0.6,1.8,8.2
204,Rondae Hollis-Jefferson\holliro01,SF,25,TOR,13,0,22,3.8,6.5,0.576,0,0.2,0,3.8,6.4,0.59,0.576,1.8,2.6,0.706,2.7,3.3,6,1.7,0.8,0.4,1.2,1.9,9.4
205,Richaun Holmes\holmeri01,C,26,SAC,20,16,28,5.3,7.9,0.669,0,0,,5.3,7.9,0.669,0.669,1.9,2.4,0.771,2.7,5.7,8.4,0.9,0.8,1.4,1,4.2,12.4
206,Rodney Hood\hoodro01,SF,27,POR,20,20,30.5,4.4,8.6,0.509,1.8,3.6,0.493,2.6,5,0.52,0.611,1.1,1.4,0.778,0.5,3,3.5,1.6,0.8,0.2,1,2.3,11.5
207,Al Horford\horfoal01,C,33,PHI,19,19,31.4,5.9,12.2,0.483,1.5,3.9,0.373,4.4,8.3,0.535,0.543,1.3,1.8,0.686,1.9,5.1,7.1,4.1,1,1,1.2,2.2,14.5
208,Danuel House\houseda01,SF,26,HOU,14,13,29.7,3.9,8.3,0.474,2.6,5.8,0.444,1.4,2.5,0.543,0.629,1.9,2.4,0.794,1.1,3.4,4.6,1.1,1.3,0.7,0.9,2,12.4
209,Dwight Howard\howardw01,C,34,LAL,22,0,19.8,2.8,3.8,0.747,0,0.1,0.5,2.8,3.7,0.753,0.753,1.4,2.8,0.492,2.1,4.9,7,0.8,0.3,1.5,1,3.7,7
210,Kevin Huerter\huertke01,SG,21,ATL,11,3,21.9,2.9,7,0.416,1.5,4.1,0.378,1.4,2.9,0.469,0.526,1.1,1.4,0.8,0.5,2.7,3.3,2.7,0.6,0.4,1.5,2,8.5
211,De'Andre Hunter\huntede01,SF,22,ATL,21,21,31.7,4.3,11,0.396,1.7,4.7,0.364,2.6,6.2,0.42,0.474,1.8,2.3,0.792,0.5,3.6,4.1,1.7,0.6,0.2,1.8,2.6,12.2
212,Chandler Hutchison\hutchch01,SF,23,CHI,9,6,17.1,2.2,4.9,0.455,0.6,1.3,0.417,1.7,3.6,0.469,0.511,2.1,3.2,0.655,0.1,3.6,3.7,0.9,0.6,0.2,1.3,1.3,7.1
213,Serge Ibaka\ibakase01,C,30,TOR,10,0,22.6,5.3,10.6,0.5,0.9,2.4,0.375,4.4,8.2,0.537,0.542,2.3,2.8,0.821,1.1,5.4,6.5,0.9,0.6,1.1,2.2,2.6,13.8
214,Ersan İlyasova\ilyaser01,PF,32,MIL,20,0,16.1,2.5,5.2,0.476,0.7,2.5,0.286,1.8,2.7,0.648,0.544,1.2,1.5,0.828,1.3,3.5,4.7,0.6,0.5,0.3,0.3,1.7,6.8
215,Joe Ingles\inglejo01,SF,32,UTA,22,2,27.5,2.4,6.7,0.358,1.4,4.4,0.309,1,2.3,0.451,0.459,1,1.4,0.733,0.2,4,4.2,3.6,0.8,0.1,1.5,2.3,7.2
216,Brandon Ingram\ingrabr01,PF,22,NOP,17,17,34.2,9.2,18.8,0.489,2.3,5.5,0.415,6.9,13.2,0.52,0.55,4.8,5.8,0.827,0.8,6.4,7.2,4.1,0.9,1.1,2.8,2.8,25.4
217,Kyrie Irving\irvinky01,PG,27,BRK,11,11,33.8,10.2,22.9,0.444,2.8,8.3,0.341,7.4,14.6,0.503,0.506,5.4,5.7,0.937,0.9,4.5,5.4,7.2,1.1,0.5,2.4,2.9,28.5
218,Jonathan Isaac\isaacjo01,SF,22,ORL,19,19,30.8,4.8,10.7,0.453,1.2,3.7,0.324,3.6,6.9,0.523,0.51,1.7,2.2,0.786,1.8,5.4,7.3,1.5,1.4,2.7,1.6,2.3,12.6
219,Wesley Iwundu\iwundwe01,SF,25,ORL,11,3,14.6,0.9,3.2,0.286,0.1,0.8,0.111,0.8,2.4,0.346,0.3,1.4,1.6,0.833,0.4,1.7,2.1,0.8,0.5,0.3,0.4,0.8,3.3
220,Frank Jackson\jacksfr01,PG,21,NOP,19,1,15.6,2.6,6.8,0.38,1.1,3.3,0.323,1.5,3.5,0.433,0.457,1.3,1.6,0.8,0.3,1.2,1.5,1.1,0.4,0.1,1.1,1.6,7.5
221,Jaren Jackson\jacksja02,C,20,MEM,20,20,26.7,5.7,12.7,0.449,2.1,5.3,0.387,3.7,7.4,0.493,0.53,2.3,2.8,0.818,1.4,3.6,4.9,1.4,0.5,1.2,1.8,4.1,15.7
222,Justin Jackson\jacksju01,PF,24,DAL,20,0,13.4,2.4,5.1,0.475,1.2,2.6,0.442,1.3,2.5,0.51,0.589,0.5,0.6,0.818,0.5,2.1,2.6,0.4,0.2,0.1,0.2,1.1,6.4
223,Reggie Jackson\jacksre01,PG,29,DET,2,2,18,2,5.5,0.364,0.5,2.5,0.2,1.5,3,0.5,0.409,0.5,0.5,1,0.5,2,2.5,4,0,0,0.5,1,5
224,Justin James\jamesju01,SG,23,SAC,11,0,12.7,1.6,4,0.409,0.3,1.3,0.214,1.4,2.7,0.5,0.443,0.1,0.5,0.167,0.2,1.6,1.8,0.8,0.4,0.5,0.5,1,3.6
225,LeBron James\jamesle01,PG,35,LAL,22,22,34.7,9.8,19.7,0.498,1.9,5.7,0.333,7.9,14,0.565,0.546,3.8,5.5,0.7,1,6,7,10.8,1.4,0.5,3.7,1.7,25.4
226,Amile Jefferson\jeffeam01,PF,26,ORL,4,0,3,0.8,0.8,1,0,0,,0.8,0.8,1,1,0,0,,0.5,0.5,1,0.5,0,0,0.3,0.5,1.5
227,DaQuan Jeffries\jeffrda01,SG,22,SAC,2,0,5.5,0.5,0.5,1,0,0,,0.5,0.5,1,1,0,0,,0.5,0,0.5,0.5,0,0,0,0.5,1
228,Ty Jerome\jeromty01,PG,22,PHO,2,0,15,2,5,0.4,0.5,1,0.5,1.5,4,0.375,0.45,0,0,,0,2,2,5.5,2.5,0,2.5,2,4.5
229,Alize Johnson\johnsal02,SF,23,IND,8,0,4.6,0.6,1.4,0.455,0,0,,0.6,1.4,0.455,0.455,0.4,0.5,0.75,0.8,0.8,1.5,0.3,0,0,0.1,0.5,1.6
230,B.J. Johnson\johnsbj01,G,24,ORL,1,0,3,0,0,,0,0,,0,0,,,0,0,,0,0,0,0,0,0,0,0,0
231,Cameron Johnson\johnsca02,PF,23,PHO,18,0,19,3,7,0.429,1.9,4.6,0.41,1.1,2.4,0.465,0.563,0.9,0.9,0.941,0.8,1.9,2.7,0.8,0.6,0.3,0.7,1.7,8.8
232,James Johnson\johnsja01,PF,32,MIA,6,0,11.3,1.3,3,0.444,0.3,1.5,0.222,1,1.5,0.667,0.5,0.3,0.7,0.5,0.3,1.5,1.8,0.7,0.5,0.3,0.7,0.8,3.3
233,Keldon Johnson\johnske04,SF,20,SAS,1,0,2,0,1,0,0,0,,0,1,0,0,0,0,,0,0,0,0,0,0,0,0,0
234,Stanley Johnson\johnsst04,PF,23,TOR,5,0,3.8,0.6,1.8,0.333,0.2,0.8,0.25,0.4,1,0.4,0.389,0,0,,0.4,1,1.4,0,0.2,0,0.8,1.2,1.4
235,Tyler Johnson\johnsty01,SG,27,PHO,18,3,20,2.4,6.1,0.4,1,3,0.333,1.4,3.1,0.464,0.482,1,1.3,0.75,0.3,1.7,1.9,2.3,0.3,0.3,1.1,1.6,6.9
236,Nikola Jokić\jokicni01,C,24,DEN,18,18,31.2,6.2,13.8,0.452,0.9,3.9,0.225,5.3,9.8,0.542,0.484,2.1,2.7,0.776,2.1,7.9,10.1,6.1,1.2,0.5,2.8,3.3,15.4
237,Damian Jones\jonesda03,C,24,ATL,21,13,18.9,3.2,4.5,0.716,0.1,0.2,0.4,3.1,4.3,0.733,0.726,1.4,2,0.674,1.6,2.3,4,0.8,0.5,0.8,0.7,3.4,8
238,Derrick Jones\jonesde02,SF,22,MIA,7,0,11.3,1.9,3.4,0.542,0.1,0.7,0.2,1.7,2.7,0.632,0.563,0.9,1.1,0.75,0.6,1.3,1.9,0.6,0.6,0.1,0.6,2,4.7
239,Tyus Jones\jonesty01,PG,23,MEM,21,4,20.3,2.4,6.5,0.372,0.3,1.5,0.188,2.1,5,0.429,0.394,0.9,1.2,0.72,0,1.5,1.5,4.7,0.8,0.1,1.3,0.9,6
240,DeAndre Jordan\jordade01,C,31,BRK,18,3,21.4,3.2,4.7,0.682,0,0,,3.2,4.7,0.682,0.682,1.3,2.1,0.632,2.2,7,9.2,2,0.4,1.1,1.1,2.1,7.8
241,Cory Joseph\josepco01,PG,28,SAC,20,11,25.1,2.3,6.2,0.366,0.4,1.5,0.233,1.9,4.7,0.409,0.394,0.8,0.8,1,0.6,2.2,2.8,4.2,0.7,0.6,1.4,2.2,5.6
242,Mfiondu Kabengele\kabenmf01,C,22,LAC,6,0,3.8,0.8,1.7,0.5,0.7,1,0.667,0.2,0.7,0.25,0.7,0.3,0.3,1,0,0.5,0.5,0,0,0.2,0,0.5,2.7
243,Frank Kaminsky\kaminfr01,C,26,PHO,20,7,23.8,3.7,8.6,0.433,1.1,3.7,0.297,2.6,4.9,0.536,0.497,2.1,3.2,0.651,0.9,4.4,5.3,2.2,0.3,0.5,1.1,2.1,10.6
244,Enes Kanter\kanteen01,C,27,BOS,13,3,15.6,2.8,4.9,0.578,0,0.1,0,2.8,4.8,0.587,0.578,1.6,2.5,0.636,2.7,3.4,6.1,1,0.7,0.5,0.8,1.1,7.3
245,Luke Kennard\kennalu01,SG,23,DET,21,18,33.2,5.6,12.7,0.444,2.7,6.6,0.403,3,6,0.488,0.549,2.6,2.9,0.885,0.3,3.3,3.6,4.3,0.5,0.2,1.3,2.2,16.5
246,Stanton Kidd\kiddst01,SF,27,UTA,4,0,3.8,0,0.8,0,0,0.3,0,0,0.5,0,0,0,0,,0,0.8,0.8,0.3,0,0,0.5,0.8,0
247,Michael Kidd-Gilchrist\kiddgmi01,PF,26,CHO,2,0,9,1,5,0.2,0.5,1.5,0.333,0.5,3.5,0.143,0.25,1,1,1,0.5,2.5,3,0.5,0,0,0.5,1.5,3.5
248,Maxi Kleber\klebima01,C,28,DAL,20,5,25.2,2.8,6.5,0.434,1.5,4,0.38,1.3,2.5,0.52,0.55,1.3,1.4,0.893,1.7,4.2,5.9,1.1,0.3,0.7,0.7,2,8.4
249,Brandon Knight\knighbr03,PG,28,CLE,7,0,11.3,1.6,4.7,0.333,1.3,3.7,0.346,0.3,1,0.286,0.47,0.3,0.6,0.5,0.1,0.9,1,1.9,0.6,0,0.9,1.1,4.7
250,Kevin Knox\knoxke01,SF,20,NYK,20,3,20.1,2.5,6.8,0.37,1.3,3.7,0.351,1.2,3.1,0.393,0.467,1.6,2.4,0.66,0.5,2.5,3,1.3,0.5,0.3,0.8,1.8,7.9
251,John Konchar\konchjo01,SG,23,MEM,1,0,7,0,0,,0,0,,0,0,,,0,0,,0,0,0,0,0,0,0,0,0
252,Furkan Korkmaz\korkmfu01,SG,22,PHI,20,8,23,3.3,7.6,0.43,1.7,4.7,0.362,1.6,2.9,0.544,0.543,0.9,1.1,0.81,0.2,2.1,2.3,0.8,0.3,0.3,0.9,1.8,9.1
253,Luke Kornet\kornelu01,C,24,CHI,11,0,11.5,1.4,4,0.341,0.5,2.2,0.208,0.9,1.8,0.5,0.398,0.5,0.5,1,0.5,1.4,1.8,0.5,0.2,0.8,0.3,1.1,3.6
254,Kyle Korver\korveky01,SF,38,MIL,18,0,15.4,1.9,5.1,0.374,1.6,4.2,0.382,0.3,0.8,0.333,0.533,0.5,0.6,0.818,0.3,1.1,1.4,0.7,0.4,0.2,0.8,0.9,5.9
255,Rodions Kurucs\kurucro01,PF,21,BRK,10,0,9.9,0.9,2.3,0.391,0.3,0.7,0.429,0.6,1.6,0.375,0.457,0.2,0.6,0.333,0.5,1.7,2.2,0.1,0.5,0,1.2,1.6,2.3
256,Kyle Kuzma\kuzmaky01,PF,24,LAL,18,1,22.8,4,9.3,0.431,1.6,4.4,0.35,2.4,4.8,0.506,0.515,1.5,2.2,0.692,0.4,3,3.4,0.8,0.3,0.4,1.8,1.8,11.1
257,Skal Labissière\labissk01,C,23,POR,22,0,16.9,2.7,4.7,0.573,0.1,0.3,0.286,2.6,4.4,0.594,0.583,0.7,1,0.682,2,3.1,5.1,1.1,0.3,1,1,2.7,6.1
258,Jeremy Lamb\lambje01,SG,27,IND,12,12,32.8,6.4,13,0.494,1.2,4,0.292,5.3,9,0.583,0.538,2.6,3,0.861,0.6,4.9,5.5,2.8,1.1,0.7,1.4,2.3,16.6
259,Romeo Langford\langfro01,SG,20,BOS,1,0,0,0,0,,0,0,,0,0,,,0,0,,0,0,0,0,0,0,0,0,0
260,Zach LaVine\lavinza01,SG,24,CHI,22,22,32.3,7.7,17.6,0.438,3,7.2,0.415,4.7,10.4,0.454,0.523,4.1,5,0.811,0.7,3.3,4,3.9,1.3,0.5,3.2,2.5,22.5
261,Jake Layman\laymaja01,PF,25,MIN,14,2,26.4,4.4,9.4,0.462,1.4,3.9,0.352,3,5.6,0.538,0.534,0.4,0.7,0.6,0.9,2.1,2.9,0.8,0.9,0.7,1.3,2.2,10.5
262,T.J. Leaf\leaftj01,PF,22,IND,15,1,10.5,1.7,3.9,0.448,0.3,0.7,0.455,1.4,3.1,0.447,0.491,0.3,0.5,0.625,1.3,2.5,3.8,0.4,0.5,0.2,0.4,0.9,4.1
263,Courtney Lee\leeco01,SG,34,DAL,5,3,9.4,2,3.4,0.588,0.8,1.4,0.571,1.2,2,0.6,0.706,0,0,,0,0.4,0.4,0.6,0,0.4,0,1,4.8
264,Damion Lee\leeda03,SG,27,GSW,11,0,21.9,3.2,8.3,0.385,1.1,3.2,0.343,2.1,5.1,0.411,0.451,2.5,3,0.848,0.8,3.1,3.9,1.8,0.7,0,1.2,1.6,10
265,Alex Len\lenal01,C,26,ATL,21,9,16.7,2.9,5.6,0.517,0.2,1.2,0.154,2.7,4.4,0.62,0.534,1.3,2,0.683,1.2,3.2,4.4,0.9,0.5,0.8,1,2.1,7.3
266,Kawhi Leonard\leonaka01,SF,28,LAC,16,16,31.2,9,20.5,0.439,1.6,5.2,0.313,7.4,15.3,0.482,0.479,5.4,6.4,0.843,1.1,6.8,7.9,5.3,1.9,0.8,3.3,2.1,25
267,Meyers Leonard\leoname01,PF,27,MIA,21,21,18.9,2.5,4.2,0.591,1,1.9,0.538,1.5,2.3,0.633,0.71,0.2,0.4,0.5,0.3,4.1,4.4,0.9,0.3,0.4,0.9,2.2,6.1
268,Caris LeVert\leverca01,SG,25,BRK,9,9,31.6,6.6,15.6,0.421,1.4,4,0.361,5.1,11.6,0.442,0.468,2.2,3.4,0.645,1.1,3.9,5,4,0.7,0.1,3.4,2.2,16.8
269,Damian Lillard\lillada01,PG,29,POR,20,20,36.7,8.3,18.5,0.447,3.3,8.9,0.367,5,9.6,0.521,0.535,6.9,7.5,0.913,0.6,4.1,4.6,7.4,1.1,0.5,2.8,2.1,26.6
270,Nassir Little\littlna01,PF,19,POR,15,3,15.7,1.7,4.1,0.403,0.3,1.7,0.192,1.3,2.4,0.556,0.444,0.7,1.2,0.611,1.1,2.6,3.7,0.5,0.5,0.3,0.6,2,4.4
271,Kevon Looney\looneke01,C,23,GSW,3,2,12.3,1.7,5,0.333,0.3,0.3,1,1.3,4.7,0.286,0.367,0.3,1,0.333,2.7,2,4.7,0.7,0,0.7,0.7,2.3,4
272,Brook Lopez\lopezbr01,C,31,MIL,20,20,26.6,3.5,8.6,0.409,1.5,5,0.293,2.1,3.6,0.569,0.494,2,2.1,0.929,0.6,4.5,5,1.5,0.8,2.5,1.1,2.3,10.4
273,Robin Lopez\lopezro01,C,31,MIL,22,2,14.5,2,4,0.506,0.6,1.6,0.361,1.5,2.4,0.604,0.579,0.5,0.8,0.588,1,1.7,2.8,0.6,0.2,0.6,1.3,1.8,5.1
274,Kevin Love\loveke01,PF,31,CLE,17,17,31,5.1,11.4,0.446,2.2,5.9,0.376,2.8,5.4,0.522,0.544,4.4,4.9,0.881,0.9,9.8,10.7,2.8,0.7,0.4,2.8,1.5,16.7
275,Kyle Lowry\lowryky01,PG,33,TOR,9,9,36.7,6.2,14.6,0.427,3.2,8.8,0.367,3,5.8,0.519,0.538,5,5.6,0.9,0.4,4,4.4,7,1.1,0.4,3.1,2.9,20.7
276,Timothé Luwawu-Cabarrot\luwawti01,SG,24,BRK,2,0,3,0,1,0,0,0.5,0,0,0.5,0,0,0.5,1,0.5,0,0,0,0,0,0,0,0,0.5
277,Trey Lyles\lylestr01,PF,24,SAS,22,14,17.4,1.7,3.8,0.452,0.8,2.1,0.391,0.9,1.7,0.526,0.56,0.2,0.4,0.556,1.4,4.8,6.2,1.3,0.3,0.3,0.8,1.2,4.5
278,Daryl Macon\maconda01,SG,24,MIA,3,0,4.3,0.3,1,0.333,0.3,0.7,0.5,0,0.3,0,0.5,0,0,,0,0,0,0.3,0,0,0.7,0.3,1
279,Josh Magette\magetjo01,PG,30,ORL,3,0,3.3,0.7,2,0.333,0,0,,0.7,2,0.333,0.333,0.3,0.7,0.5,0.3,0.7,1,0.7,0.7,0,1,0,1.7
280,Thon Maker\makerth01,C,22,DET,20,0,11,1.2,2.2,0.535,0.4,0.7,0.5,0.8,1.5,0.552,0.616,0.8,1.6,0.516,0.5,1.3,1.8,0.5,0.3,0.7,0.5,1.4,3.5
281,Terance Mann\mannte01,SG,23,LAC,17,3,8.6,1.1,2.1,0.5,0.1,0.5,0.222,0.9,1.6,0.593,0.528,0.4,0.5,0.875,0.2,1.1,1.2,1.2,0.3,0.1,0.6,1.1,2.6
282,Boban Marjanović\marjabo01,C,31,DAL,9,1,12,2.8,5.4,0.51,0,0.1,0,2.8,5.3,0.521,0.51,1.1,1.3,0.833,1.4,2.9,4.3,0.6,0.2,0.1,0.8,1.7,6.7
283,Lauri Markkanen\markkla01,PF,22,CHI,22,22,29.5,4.1,11.4,0.364,1.8,5.7,0.31,2.4,5.6,0.419,0.442,3.6,4.4,0.814,1,6,6.9,1.7,0.8,0.5,1.9,1.9,13.6
284,Caleb Martin\martica02,SF,24,CHO,3,0,8.3,0.7,3,0.222,0,1,0,0.7,2,0.333,0.222,0.3,1,0.333,0,1.3,1.3,1,0.3,0.7,1,0.7,1.7
285,Cody Martin\martico01,SF,24,CHO,16,0,11.8,0.9,2.6,0.357,0.1,1.1,0.056,0.9,1.5,0.583,0.369,0.9,1.4,0.682,0.5,1.8,2.3,1.1,0.8,0.1,0.4,1.2,2.9
286,Kelan Martin\martike03,SF,24,MIN,8,0,14.5,1.9,5.5,0.341,0.6,3,0.208,1.3,2.5,0.5,0.398,0,0,,0.3,2.9,3.1,0.3,0.1,0.1,0.4,2.3,4.4
287,Frank Mason\masonfr01,PG,25,MIL,2,0,5,0.5,2,0.25,0.5,1,0.5,0,1,0,0.375,0.5,1,0.5,0,0,0,1,0,0,0,0.5,2
288,Garrison Mathews\mathega01,SG,23,WAS,2,0,7,0,1,0,0,1,0,0,0,,0,0,0,,0,0.5,0.5,1,0,0,0.5,1.5,0
289,Wesley Matthews\matthwe02,SG,33,MIL,22,22,24.1,2.8,6.4,0.443,1.6,4.3,0.368,1.2,2,0.6,0.568,1,1.2,0.852,0.1,2,2.1,1.4,0.5,0.1,0.8,1.2,8.3
290,Patrick McCaw\mccawpa01,SF,24,TOR,2,0,20,1.5,2.5,0.6,0.5,1.5,0.333,1,1,1,0.7,0.5,1,0.5,1,2,3,1.5,1.5,0,1.5,1.5,4
291,CJ McCollum\mccolcj01,SG,28,POR,22,22,36.5,9,20,0.452,2.6,6.8,0.387,6.4,13.2,0.486,0.518,1.7,2,0.822,0.8,3.7,4.5,3.8,0.7,1,2,2.8,22.4
292,T.J. McConnell\mccontj01,PG,27,IND,19,0,17.3,3.1,6.3,0.496,0.1,0.2,0.25,3.1,6.1,0.504,0.5,0.4,0.5,0.889,0.5,2.3,2.8,4.8,0.5,0.2,1.5,1.3,6.7
293,Jalen McDaniels\mcdanja01,PF,22,CHO,1,0,3,1,2,0.5,0,0,,1,2,0.5,0.5,0,0,,1,0,1,0,0,0,0,0,2
294,Doug McDermott\mcderdo01,PF,28,IND,21,0,20.6,3.3,7.4,0.442,1.6,3.7,0.436,1.7,3.7,0.449,0.551,0.6,0.7,0.857,0.4,2.2,2.7,1,0.1,0.1,0.8,1.8,8.8
295,JaVale McGee\mcgeeja01,C,32,LAL,22,22,16.6,3.1,5.3,0.595,0,0,,3.1,5.3,0.595,0.595,0.7,1.1,0.64,2,4.3,6.3,0.7,0.6,1.2,0.8,2.1,7
296,Rodney McGruder\mcgruro01,SG,28,LAC,15,2,17.3,1.5,4,0.383,0.7,2.3,0.314,0.8,1.7,0.48,0.475,0.2,0.5,0.375,0.7,1.7,2.4,0.8,0.3,0.2,0.5,1.7,4
297,Alfonzo McKinnie\mckinal01,SF,27,CLE,14,0,11.1,1.1,2.8,0.385,0.5,1.3,0.389,0.6,1.5,0.381,0.474,0.4,0.6,0.667,0.4,1.7,2.1,0.2,0.4,0.2,0.4,1.3,3.1
298,Jordan McLaughlin\mclaujo01,PG,23,MIN,4,0,14.3,1,3.8,0.267,0.3,2,0.125,0.8,1.8,0.429,0.3,0.5,0.5,1,0.3,1.5,1.8,2,0.3,0,1,1,2.8
299,Ben McLemore\mclembe01,SG,26,HOU,20,6,21.2,2.7,7.2,0.371,2,6.1,0.32,0.7,1.1,0.667,0.507,1.1,1.3,0.84,0.4,2.1,2.4,0.9,0.7,0.2,0.7,1.9,8.3
300,Jordan McRae\mcraejo01,SG,28,WAS,13,0,18.1,3.3,7,0.473,1,2.5,0.394,2.3,4.5,0.517,0.544,1.3,1.5,0.895,0.2,2.2,2.4,2.8,0.6,0.3,1.1,2,8.9
301,Nicolò Melli\mellini01,C,29,NOP,19,3,16.4,2.1,4.9,0.419,1.2,3.4,0.344,0.9,1.5,0.586,0.538,0.8,1.1,0.8,0.7,2.2,2.9,1.2,0.6,0.2,0.8,1.9,6.1
302,De'Anthony Melton\meltode01,PG,21,MEM,10,0,13.4,1.9,4.9,0.388,0.5,1.5,0.333,1.4,3.4,0.412,0.439,1.1,1.3,0.846,0.7,2.2,2.9,2.8,1.1,0.2,1.3,1.4,5.4
303,Chimezie Metu\metuch01,PF,22,SAS,6,0,3.5,1.2,2,0.583,0,0,,1.2,2,0.583,0.583,0.3,0.7,0.5,1.2,0.7,1.8,0.3,0,0.3,0,0,2.7
304,Khris Middleton\middlkh01,SF,28,MIL,15,12,27.3,6.3,13.2,0.48,1.9,5.1,0.377,4.4,8.1,0.545,0.553,2.8,3.1,0.894,0.9,4.7,5.5,3.2,0.9,0.1,1.7,2.3,17.4
305,C.J. Miles\milescj01,SG,32,WAS,10,0,16.1,1.9,5.9,0.322,1.1,3.5,0.314,0.8,2.4,0.333,0.415,1.5,2,0.75,0.4,0.8,1.2,1.2,1,0.4,0.4,1.4,6.4
306,Malcolm Miller\millema01,SF,26,TOR,8,1,6,0.8,1.4,0.545,0.6,1.3,0.5,0.1,0.1,1,0.773,0.1,0.5,0.25,0,0.6,0.6,0.5,0,0.1,0.3,0.6,2.3
307,Patty Mills\millspa02,PG,31,SAS,22,1,23,3.9,8.4,0.459,2,4.9,0.421,1.8,3.5,0.513,0.581,1.3,1.5,0.824,0.2,1.3,1.5,2.2,0.9,0.2,1,1.5,11
308,Paul Millsap\millspa01,PF,34,DEN,18,18,26.3,4.7,9.5,0.491,1.2,2.4,0.5,3.4,7.1,0.488,0.556,3.3,3.8,0.882,2.1,3.9,5.9,1.3,0.9,0.8,1.2,2.9,13.9
309,Shake Milton\miltosh01,SG,23,PHI,8,0,8.8,1.3,3.6,0.345,0.5,2.1,0.235,0.8,1.5,0.5,0.414,0.8,0.9,0.857,0.1,0.8,0.9,0.5,0.1,0,1.5,1.6,3.8
310,Donovan Mitchell\mitchdo01,SG,23,UTA,22,22,34.6,9,20.6,0.436,2.3,6.2,0.372,6.7,14.4,0.464,0.492,4.4,5.3,0.829,0.9,3.8,4.7,3.6,1.4,0.3,2.1,2.3,24.7
311,Naz Mitrou-Long\mitrona01,SG,26,IND,3,0,14.3,2,5.3,0.375,0.7,3.7,0.182,1.3,1.7,0.8,0.438,0,0,,0,2,2,2.3,0.3,0.3,0.7,0.3,4.7
312,Malik Monk\monkma01,SG,21,CHO,23,0,21,3.7,8.3,0.44,1,3.9,0.27,2.6,4.4,0.588,0.503,1.2,1.4,0.848,0.3,2.4,2.7,2.3,0.4,0.2,1.5,1.7,9.6
313,E'Twaun Moore\mooreet01,SG,30,NOP,16,3,20.4,3.7,8.8,0.421,1.3,3.4,0.382,2.4,5.3,0.447,0.496,0.9,1.4,0.636,0.8,2.4,3.2,1.4,0.5,0.1,0.7,1.7,9.6
314,Ja Morant\moranja01,PG,20,MEM,17,17,28.7,6.9,15.2,0.457,0.9,2.3,0.41,6,12.9,0.466,0.488,3.8,5,0.765,0.9,2.2,3.2,6.4,1.4,0.3,3.4,1.7,18.6
315,Juwan Morgan\morgaju01,PF,22,UTA,1,0,3,0,0,,0,0,,0,0,,,0,0,,0,1,1,0,0,0,0,1,0
316,Marcus Morris\morrima03,SF,30,NYK,19,19,33.1,6,14.2,0.424,2.8,5.4,0.524,3.2,8.7,0.361,0.524,3.8,4.6,0.839,1.2,4.9,6.2,1.3,0.9,0.6,1.9,3.3,18.7
317,Markieff Morris\morrima02,PF,30,DET,22,12,22.2,3.9,8.1,0.475,1.5,3.8,0.41,2.3,4.4,0.531,0.57,1.1,1.5,0.75,0.5,3.2,3.7,1.6,0.6,0.2,1.6,2.4,10.4
318,Monte Morris\morrimo01,PG,24,DEN,18,0,17,2.7,6.4,0.417,0.4,1.1,0.421,2.2,5.3,0.417,0.452,0.8,1.1,0.7,0.2,1.5,1.7,3.3,0.3,0.2,0.6,0.7,6.6
319,Johnathan Motley\motlejo01,PF,24,LAC,2,0,2,0.5,1.5,0.333,0.5,0.5,1,0,1,0,0.5,0,0,,0.5,0.5,1,1,0,0,1,0.5,1.5
320,Emmanuel Mudiay\mudiaem01,PG,23,UTA,19,0,15.3,2.9,6.2,0.475,0.4,1.4,0.259,2.6,4.8,0.538,0.504,0.9,1.2,0.773,0.3,2.2,2.5,2.2,0.3,0.2,1.7,1.5,7.2
321,Dejounte Murray\murrade01,PG,23,SAS,19,13,22.1,3.7,8.3,0.449,0.3,1.3,0.208,3.5,7.1,0.493,0.465,1.7,2.3,0.767,1.2,4.8,6,4.1,1.5,0.3,2.2,2.3,9.5
322,Jamal Murray\murraja01,PG,22,DEN,18,18,33.3,7.1,16.2,0.438,1.8,5.3,0.337,5.3,10.9,0.487,0.493,2.7,3,0.907,0.7,3.8,4.6,4.9,1.7,0.4,2.4,1.9,18.7
323,Džanan Musa\musadz01,SF,20,BRK,16,0,15.8,1.6,5.1,0.317,0.4,2.5,0.175,1.2,2.6,0.452,0.36,1.4,1.8,0.759,0.4,2.2,2.6,1.3,0.4,0.1,1.3,0.9,5.1
324,Mike Muscala\muscami01,C,28,OKC,13,0,11.5,1.2,4,0.288,0.8,3,0.256,0.4,1,0.385,0.385,0.5,0.6,0.875,0.5,2.1,2.5,1.1,0.2,0.2,0.4,1.5,3.6
325,Sviatoslav Mykhailiuk\mykhasv01,SF,22,DET,17,1,17.4,1.9,4.6,0.423,1.5,3.4,0.448,0.4,1.2,0.35,0.59,0.3,0.4,0.833,0.2,1,1.2,1.4,0.4,0.1,0.9,1.2,5.7
326,Abdel Nader\naderab01,SF,26,OKC,13,0,14.3,2.4,4.8,0.492,1,2.5,0.406,1.4,2.4,0.581,0.595,1.1,1.4,0.778,0.3,1.5,1.8,0.6,0.2,0.3,1.1,1.1,6.8
327,Larry Nance\nancela02,C,27,CLE,18,3,25.9,4.2,7.8,0.536,1.3,3.3,0.39,2.9,4.5,0.642,0.618,1.2,1.7,0.71,2,5.4,7.4,1.5,1.1,0.5,0.9,1.6,10.8
328,Shabazz Napier\napiesh01,PG,28,MIN,8,0,19.1,1.8,5.9,0.298,1,4.3,0.235,0.8,1.6,0.462,0.383,2.1,2.5,0.85,0.1,2.1,2.3,3.5,1.3,0.4,1.6,0.8,6.6
329,Raul Neto\netora01,PG,27,PHI,18,2,11.8,1.6,3.5,0.46,0.5,1.2,0.429,1.1,2.3,0.476,0.532,0.2,0.2,0.75,0.2,0.9,1.1,1.5,0.4,0.1,0.9,0.6,3.9
330,Georges Niang\niangge01,PF,26,UTA,16,0,10.8,1.4,3.1,0.469,0.7,1.8,0.393,0.8,1.3,0.571,0.582,0.4,0.6,0.7,0.1,1.6,1.7,0.5,0,0.1,0.5,1.4,4
331,Nerlens Noel\noelne01,C,25,OKC,19,3,18.7,3,4.7,0.64,0,0,,3,4.7,0.64,0.64,1.6,2.1,0.775,1.3,3.5,4.7,1.4,1,1.7,1.2,2.9,7.6
332,Zach Norvell\norveza01,SG,22,LAL,2,0,2.5,0,0.5,0,0,0,,0,0.5,0,0,0,0,,0,0.5,0.5,0,0,0,0,0,0
333,Jaylen Nowell\nowelja01,SG,20,MIN,2,0,7.5,0.5,2,0.25,0,1.5,0,0.5,0.5,1,0.25,0.5,0.5,1,0,0.5,0.5,1.5,0,0,0.5,0.5,1.5
334,Frank Ntilikina\ntilila01,PG,21,NYK,19,15,26.1,2.5,6.5,0.382,0.8,2.5,0.333,1.6,3.9,0.413,0.447,0.7,0.9,0.765,0.4,1.7,2.2,3.5,1.4,0.5,1.2,2.7,6.5
335,Kendrick Nunn\nunnke01,SG,24,MIA,21,21,29.4,6.1,13.8,0.441,2.1,6,0.349,4,7.8,0.512,0.517,1,1.3,0.75,0.2,2.2,2.5,3.4,1.1,0.3,2.1,2.7,15.3
336,David Nwaba\nwabada01,SF,27,BRK,13,0,11.8,1.2,2.1,0.593,0.4,0.8,0.455,0.8,1.2,0.688,0.685,0.5,0.9,0.583,0.4,1.7,2.1,0.4,0.4,0.7,0.5,1.5,3.4
337,Royce O'Neale\onealro01,PF,26,UTA,22,20,28.5,2,4.3,0.468,1.1,2.6,0.431,0.9,1.6,0.528,0.601,0.5,0.6,0.857,0.1,4.6,4.7,2.6,0.7,0.3,1,3,5.7
338,Kyle O'Quinn\oquinky01,C,29,PHI,13,0,9.2,1.4,2.5,0.545,0.4,0.9,0.417,1,1.6,0.619,0.621,0.2,0.5,0.333,1,2.3,3.3,1.3,0.2,0.5,0.9,1.4,3.3
339,Semi Ojeleye\ojelese01,PF,25,BOS,20,1,13.7,1,2.4,0.426,0.5,1.4,0.37,0.5,1,0.5,0.532,0.4,0.5,0.7,0.4,1.5,1.8,0.4,0.3,0.1,0.3,1.1,2.9
340,Jahlil Okafor\okafoja01,C,24,NOP,13,6,17.6,3.8,5.8,0.653,0.1,0.2,0.5,3.7,5.6,0.658,0.66,1.8,2.8,0.667,1.6,3.1,4.7,1.3,0.3,1,1.5,2.8,9.5
341,Elie Okobo\okoboel01,PG,22,PHO,14,0,10.6,1.5,3.7,0.404,0.7,1.8,0.4,0.8,1.9,0.407,0.5,0.8,1.4,0.579,0.1,0.9,1.1,2.7,0.3,0,0.3,0.6,4.5
342,Josh Okogie\okogijo01,SG,21,MIN,18,3,24.3,2.6,6.1,0.427,0.6,2.3,0.262,2,3.8,0.529,0.477,2.6,3.4,0.754,1.6,3.8,5.4,1.8,1.1,0.4,1.5,2.2,8.4
343,KZ Okpala\okpalkz01,SF,20,MIA,2,0,1.5,0,0,,0,0,,0,0,,,0,0,,0,0.5,0.5,0,0,0,0.5,0,0
344,Kelly Olynyk\olynyke01,C,28,MIA,21,0,23.6,3.2,6.8,0.472,1.7,4,0.422,1.5,2.8,0.542,0.595,1.2,1.4,0.862,1,4.1,5.1,1.5,1,0.4,1.4,2.7,9.2
345,Miye Oni\onimi01,SG,22,UTA,2,0,2,0,0,,0,0,,0,0,,,0,0,,0,0,0,0,0,0,0.5,0,0
346,Cedi Osman\osmande01,SF,24,CLE,20,20,29.9,3.6,8.4,0.429,1.6,4.4,0.368,2,4.1,0.494,0.524,1,1.4,0.679,0.5,3.2,3.6,2.1,1,0.3,1.3,2.4,9.8
347,Kelly Oubre\oubreke01,SF,24,PHO,20,20,31,6,13.1,0.458,1.6,4.6,0.341,4.5,8.6,0.52,0.517,3.8,4.7,0.798,1.3,4.4,5.7,1.7,1.4,0.6,1.5,3.2,17.3
348,Jabari Parker\parkeja01,PF,24,ATL,22,17,28,6.6,13.3,0.498,1,3.8,0.262,5.6,9.5,0.593,0.536,1.8,2.5,0.722,1.9,4.4,6.3,1.9,1.5,0.5,1.9,3.2,16
349,Chandler Parsons\parsoch01,SF,31,ATL,3,0,11.7,1.3,4,0.333,1,3.3,0.3,0.3,0.7,0.5,0.458,0,0,,0.3,1,1.3,0.7,1.3,0,0.3,1,3.7
350,Eric Paschall\pascher01,PF,23,GSW,22,16,31.9,6.4,12.5,0.507,0.8,2.5,0.315,5.6,10.1,0.554,0.538,3.8,4.6,0.814,1.5,3.9,5.5,1.8,0.3,0.3,1.7,2,17.3
351,Patrick Patterson\pattepa01,PF,30,LAC,20,11,14.3,1.8,4.3,0.412,1.5,3.3,0.439,0.3,1,0.316,0.582,0.3,0.5,0.6,0.7,2.2,2.9,0.8,0.2,0.1,0.4,0.8,5.3
352,Justin Patton\pattoju01,C,22,OKC,2,0,4.5,0.5,1.5,0.333,0,0.5,0,0.5,1,0.5,0.333,0,0,,0,1,1,0,0,0,0.5,2,1
353,Chris Paul\paulch01,PG,34,OKC,20,20,30.7,4.8,10.8,0.447,1.6,4.3,0.376,3.2,6.5,0.492,0.521,3.9,4.4,0.886,0.3,3.9,4.2,6,1.6,0,1.9,2.4,15.1
354,Elfrid Payton\paytoel01,PG,25,NYK,4,3,25.5,2.8,7.3,0.379,1.3,2,0.625,1.5,5.3,0.286,0.466,1.3,1.5,0.833,0.8,2.3,3,3.8,2.5,0,1.8,2,8
355,Norvel Pelle\pelleno01,SF,26,PHI,1,0,13,0,0,,0,0,,0,0,,,3,4,0.75,0,2,2,1,0,4,2,3,3
356,Theo Pinson\pinsoth01,SG,24,BRK,12,0,15.1,1.8,6.4,0.286,0.7,3.1,0.216,1.2,3.3,0.35,0.338,0.7,0.8,0.889,0.4,1.4,1.8,2.6,0.5,0,1.5,1.4,5
357,Mason Plumlee\plumlma01,C,29,DEN,18,0,16.5,2.8,4.8,0.586,0,0.2,0,2.8,4.7,0.607,0.586,1.4,2.6,0.532,1.7,3.9,5.6,2.2,0.6,0.8,1.5,2.8,7.1
358,Vincent Poirier\poirivi01,C,26,BOS,7,0,4.6,0.6,1.3,0.444,0,0,,0.6,1.3,0.444,0.444,0.1,0.3,0.5,0.7,0.4,1.1,0.4,0.1,0.3,0.4,1,1.3
359,Jakob Pöltl\poeltja01,C,24,SAS,22,7,19,2.5,4.4,0.573,0,0,,2.5,4.4,0.573,0.573,0.7,1.3,0.552,2.3,3.9,6.2,1.5,0.6,1.3,1,1.9,5.7
360,Shamorie Ponds\pondssh01,PG,21,TOR,2,0,4,1,2,0.5,0,0.5,0,1,1.5,0.667,0.5,0,0,,0,0.5,0.5,1,0,0.5,0,1,2
361,Jordan Poole\poolejo01,SG,20,GSW,23,9,24.8,2.6,9.8,0.261,1.3,5.1,0.248,1.3,4.7,0.275,0.325,1.8,2.1,0.854,0.2,2.2,2.3,2.1,0.7,0.3,1.3,1.9,8.2
362,Kevin Porter\porteke02,SF,19,CLE,19,1,20.5,2.5,6.4,0.393,0.5,2.2,0.238,2,4.2,0.475,0.434,1,1.3,0.76,0.4,2.8,3.2,1.8,0.7,0.2,1.3,2.5,6.6
363,Michael Porter\portemi01,PF,21,DEN,10,0,9,1.5,3.4,0.441,0.2,1,0.2,1.3,2.4,0.542,0.471,0.5,0.8,0.625,0.8,1.5,2.3,0.4,0,0.3,0.6,1.3,3.7
364,Otto Porter\porteot01,SF,26,CHI,9,9,25.1,3.9,9.3,0.417,1.8,4.4,0.4,2.1,4.9,0.432,0.512,1.7,2.2,0.75,0.9,2.6,3.4,1.6,1,0.3,0.8,2.2,11.2
365,Bobby Portis\portibo01,C,24,NYK,21,2,21.8,3.5,8.8,0.4,1.1,2.9,0.383,2.4,6,0.408,0.462,0.7,1,0.7,1.7,4.2,5.9,1.1,0.7,0.3,1,1.7,8.8
366,Kristaps Porziņģis\porzikr01,PF,24,DAL,20,20,30.4,6,15.1,0.395,2.2,6.2,0.35,3.8,8.9,0.427,0.467,2.7,3.9,0.701,1.8,7.2,8.9,1.4,0.6,2.2,1.6,3,16.8
367,Dwight Powell\poweldw01,C,28,DAL,18,15,25.6,3.5,5.2,0.677,0.3,0.7,0.462,3.2,4.4,0.713,0.71,1.2,2.2,0.538,1.6,2.9,4.6,1.3,0.7,0.4,0.9,2.7,8.5
368,Norman Powell\powelno01,SG,26,TOR,20,11,28.5,4.8,10.2,0.471,1.9,4.9,0.381,3,5.4,0.551,0.561,1.9,2.3,0.844,0.5,3.6,4.1,1.6,0.9,0.4,1.4,1.8,13.4
369,Julius Randle\randlju01,PF,25,NYK,21,21,32.4,6.3,14,0.449,0.9,3.6,0.25,5.4,10.4,0.518,0.481,3.8,5.7,0.667,2.3,6.3,8.7,3.4,0.8,0.1,3.4,3,17.3
370,Cam Reddish\reddica01,SF,20,ATL,19,16,24.6,2.8,8.9,0.318,0.9,3.8,0.247,1.9,5.1,0.371,0.371,1.5,1.9,0.757,0.7,3,3.7,1.6,1,0.4,1.7,1.8,8.1
371,J.J. Redick\redicjj01,SG,35,NOP,20,16,28.7,4.8,10.9,0.438,3.4,7.4,0.459,1.4,3.5,0.391,0.594,2.2,2.6,0.843,0.2,3,3.2,2,0.5,0.3,1.3,1.6,15.1
372,Josh Richardson\richajo01,SG,26,PHI,16,16,32,5.8,12.8,0.456,2,5.2,0.386,3.8,7.6,0.504,0.534,2.5,3.1,0.8,0.6,2.8,3.4,3.6,1.1,0.6,2.3,2.9,16.1
373,Austin Rivers\riverau01,SG,27,HOU,20,1,24.8,3.1,7.3,0.421,1.4,4.2,0.325,1.7,3.1,0.548,0.514,1,1.4,0.714,0.8,2,2.7,1.4,0.5,0.2,0.7,2,8.5
374,Duncan Robinson\robindu01,SF,25,MIA,21,16,25.5,3.8,8,0.479,2.9,6.6,0.435,1,1.4,0.69,0.659,0.7,0.8,0.938,0.1,2.8,2.9,0.8,0.8,0.4,0.7,2.7,11.2
375,Glenn Robinson\robingl02,SF,26,GSW,23,23,32,4.6,10.2,0.449,1.2,3.2,0.384,3.3,7,0.478,0.509,1.1,1.3,0.833,1.5,3,4.5,1.9,0.9,0.3,0.9,1.6,11.4
376,Jerome Robinson\robinje01,SG,22,LAC,17,0,12.1,1.4,4,0.353,0.6,1.9,0.344,0.8,2.1,0.361,0.434,0.3,0.5,0.625,0.1,1.5,1.6,1,0.3,0.4,0.7,1.4,3.8
377,Justin Robinson\robinju01,PG,22,WAS,4,0,3,0.5,1.3,0.4,0.3,0.3,1,0.3,1,0.25,0.5,0,0,,0.3,0.5,0.8,0.5,0,0,0.5,0,1.3
378,Mitchell Robinson\robinmi01,C,21,NYK,17,6,20.5,3.4,4.9,0.679,0,0,,3.4,4.9,0.679,0.679,1.8,2.9,0.612,2.9,3.7,6.6,0.6,0.6,1.9,0.9,3.8,8.5
379,Rajon Rondo\rondora01,PG,33,LAL,12,0,21.5,3.3,7.4,0.449,1.4,2.8,0.5,1.9,4.6,0.418,0.545,0.7,0.9,0.727,0.3,3.3,3.6,6.1,1,0,1.8,1.1,8.8
380,Derrick Rose\rosede01,PG,31,DET,17,1,23.4,6.2,12.7,0.491,0.8,2.3,0.333,5.5,10.4,0.525,0.521,2.6,3.1,0.865,0.4,1.4,1.8,5.8,0.8,0.4,2.5,1.2,15.9
381,Terrence Ross\rosste01,SG,28,ORL,19,0,24,4.5,10.9,0.409,1.8,6.1,0.304,2.6,4.9,0.538,0.493,1.8,2.1,0.85,0.3,2.6,2.9,1,0.9,0.3,1.2,1.8,12.6
382,Terry Rozier\roziete01,PG,25,CHO,23,23,32.5,6.3,14.4,0.435,2.7,6.7,0.403,3.6,7.7,0.463,0.529,2.4,2.8,0.862,0.7,3.6,4.3,4.2,1.3,0.2,2.7,2.3,17.7
383,Ricky Rubio\rubiori01,PG,29,PHO,15,15,30.5,4.3,10.9,0.39,1.1,3.5,0.321,3.1,7.4,0.423,0.442,2.9,3.5,0.83,0.6,4.1,4.7,8.3,1.3,0.1,1.7,2.8,12.6
384,D'Angelo Russell\russeda01,SG,23,GSW,11,11,30.9,8.4,18.3,0.458,2.8,7.9,0.356,5.5,10.4,0.535,0.535,4.2,5.5,0.767,0.2,3.3,3.5,6.3,0.7,0.5,3.3,1.7,23.7
385,Domantas Sabonis\sabondo01,C,23,IND,19,19,34.2,7.3,14.1,0.515,0.3,1.2,0.217,7,12.9,0.543,0.524,3.6,4.5,0.8,3.7,9.3,13,3.7,0.7,0.5,2.8,3.7,18.4
386,JaKarr Sampson\sampsja02,SF,26,IND,9,7,18.4,2.6,4.6,0.561,0.2,1.1,0.2,2.3,3.4,0.677,0.585,0.2,0.8,0.286,0.8,1.9,2.7,0.4,0.6,0.7,0.7,2.6,5.6
387,Dario Šarić\saricda01,PF,25,PHO,20,20,27.9,3.9,9.2,0.418,1.7,4.7,0.355,2.2,4.6,0.484,0.508,1.5,1.8,0.857,1.8,5.4,7.2,2,0.9,0.5,1.4,2.6,10.9
388,Tomáš Satoranský\satorto01,PG,28,CHI,22,22,26.9,3.5,7.7,0.447,1.2,3,0.403,2.2,4.7,0.476,0.526,1.6,1.8,0.875,0.9,2.5,3.4,5.4,1.5,0.1,2.1,2.1,9.7
389,Admiral Schofield\schofad01,SF,22,WAS,7,0,8.4,1,1.4,0.7,0.6,1,0.571,0.4,0.4,1,0.9,0.6,0.6,1,0.3,1,1.3,0.1,0,0,0.1,0.4,3.1
390,Dennis Schröder\schrode01,PG,26,OKC,20,0,28.5,6.1,13.8,0.444,1.4,4.7,0.301,4.7,9.1,0.516,0.495,2,2.6,0.769,0.4,3.6,4,3.8,0.8,0.3,2.8,2.2,15.6
391,Mike Scott\scottmi01,PF,31,PHI,21,0,19,2,5,0.406,1,3.2,0.328,1,1.9,0.538,0.509,0.5,0.5,0.909,0.7,2.6,3.3,0.7,0.2,0.1,0.4,1.6,5.6
392,Thabo Sefolosha\sefolth01,PF,35,HOU,17,0,10.9,0.8,2.5,0.333,0.5,1.5,0.308,0.4,0.9,0.375,0.429,0,0,,0.6,1.8,2.4,0.9,0.5,0.2,0.2,1,2.1
393,Collin Sexton\sextoco01,SG,21,CLE,20,20,30.7,6.9,15.7,0.441,1.2,3.7,0.324,5.7,12,0.477,0.479,3.1,3.8,0.803,1,2.3,3.3,2.5,0.9,0.1,1.9,2.3,18.1
394,Landry Shamet\shamela01,SG,22,LAC,10,10,29.4,3,7.7,0.39,2.1,5.8,0.362,0.9,1.9,0.474,0.526,1,1,1,0,1.5,1.5,1.7,0.4,0.1,1.2,3.1,9.1
395,Iman Shumpert\shumpim01,SG,29,BRK,10,0,18.6,1.7,5.1,0.333,0.7,2.9,0.241,1,2.2,0.455,0.402,0.3,0.5,0.6,0.8,2,2.8,0.7,0.8,0.2,0.9,1.7,4.4
396,Pascal Siakam\siakapa01,PF,25,TOR,20,20,36.9,9.4,20.2,0.467,2.4,6.3,0.384,7,13.9,0.504,0.526,3.9,4.8,0.813,1.6,7,8.6,3.9,0.9,0.7,2.9,2.9,25.1
397,Chris Silva\silvach01,PF,23,MIA,19,0,10.1,1.5,2.2,0.683,0,0.1,0,1.5,2.1,0.718,0.683,1.1,1.5,0.714,1.9,2.2,4.1,0.6,0.3,0.7,1.3,2.8,4
398,Ben Simmons\simmobe01,PG,23,PHI,19,19,34.3,5.4,10.2,0.531,0.1,0.2,0.333,5.4,10.1,0.534,0.534,2.1,3.6,0.58,1.5,5.4,6.9,8.4,2.4,0.5,3.7,3.4,13
399,Anfernee Simons\simonan01,SG,20,POR,22,1,21.6,3.7,8.9,0.413,1.4,4.1,0.33,2.3,4.8,0.486,0.49,1.2,1.7,0.73,0.2,1.6,1.8,1.6,0.5,0.1,1.1,2,10
400,Marcus Smart\smartma01,SG,25,BOS,19,14,31.9,4.1,10.9,0.377,2.2,6.6,0.328,1.9,4.3,0.451,0.476,1.5,1.7,0.879,0.9,2.5,3.4,4.7,1.4,0.5,1.2,2.4,11.9
401,Dennis Smith\smithde03,PG,22,NYK,14,1,17.9,2.2,6.3,0.352,0.6,2,0.321,1.6,4.3,0.367,0.403,0.8,1.4,0.579,0.7,0.9,1.6,2.9,0.4,0.3,1.6,2.3,5.9
402,Ish Smith\smithis01,PG,31,WAS,19,5,23.4,3.4,7.9,0.433,0.7,2.3,0.326,2.7,5.6,0.477,0.48,0.4,0.7,0.615,0.6,2.4,3,3.9,0.8,0.4,1.1,1.7,8
403,Tony Snell\snellto01,SF,28,DET,18,16,25.5,2.9,6.2,0.464,1.9,4.4,0.443,0.9,1.8,0.515,0.621,0.2,0.2,1,0.3,1.4,1.7,1.6,0.4,0.1,0.5,1.9,7.9
404,Omari Spellman\spellom01,PF,22,GSW,22,0,18.6,2.8,6.6,0.428,0.7,2.1,0.34,2.1,4.5,0.469,0.483,1.5,1.8,0.825,2.4,3.4,5.7,1,0.7,0.7,1.4,1.2,7.9
405,Max Strus\strusma01,SG,23,CHI,2,0,3,1,1.5,0.667,0,0.5,0,1,1,1,0.667,0.5,0.5,1,0.5,0,0.5,0,0,0,0,0.5,2.5
406,Edmond Sumner\sumneed01,PG,24,IND,3,2,22.3,3,6,0.5,0,1,0,3,5,0.6,0.5,1,1.7,0.6,0.3,0.7,1,2,1.7,0.3,0.3,3,7
407,Caleb Swanigan\swanica01,PF,22,SAC,4,0,2.8,0.3,0.5,0.5,0,0,,0.3,0.5,0.5,0.5,0.3,0.5,0.5,0.3,0.8,1,0,0.3,0.5,0.8,0.8,0.8
408,Jayson Tatum\tatumja01,PF,21,BOS,20,20,34.6,7.6,18.7,0.405,2.4,6.8,0.348,5.2,11.9,0.437,0.468,3.5,4.3,0.824,1.4,5.7,7,2.8,1.5,0.8,2.2,2.4,21
409,Jeff Teague\teaguje01,PG,31,MIN,16,11,28.9,3.5,8.8,0.4,0.6,2.4,0.256,2.9,6.3,0.455,0.436,4.2,4.9,0.859,0.4,2.2,2.6,7.4,0.9,0.3,2.1,2.2,11.8
410,Garrett Temple\templga01,SG,33,BRK,21,12,27.2,3.5,8.4,0.42,2.2,6,0.368,1.3,2.4,0.549,0.551,0.9,1.2,0.76,0.5,2.7,3.1,2.2,1,0.6,1,2.1,10.1
411,Daniel Theis\theisda01,C,27,BOS,17,16,21.9,2.6,5.3,0.489,0.1,0.8,0.143,2.5,4.5,0.553,0.5,1.2,1.8,0.677,1.6,5.3,6.9,1.3,0.5,1.6,0.8,3.1,6.5
412,Isaiah Thomas\thomais02,PG,30,WAS,17,14,24.9,4.8,10.8,0.446,2,4.9,0.41,2.8,5.9,0.475,0.538,0.9,1.2,0.8,0.2,1.6,1.8,5.1,0.5,0.2,2.2,2.2,12.6
413,Khyri Thomas\thomakh01,SG,23,DET,2,0,3,0,0,,0,0,,0,0,,,0.5,1,0.5,0,0,0,0,0,0,0,0,0.5
414,Matt Thomas\thomama02,SG,25,TOR,12,0,11.3,1.7,3.1,0.541,1.2,2.2,0.538,0.5,0.9,0.545,0.73,0.3,0.4,0.6,0.1,1,1.1,0.3,0.3,0,0.3,1,4.8
415,Tristan Thompson\thomptr01,C,28,CLE,19,19,31.4,5.8,11.5,0.509,0.2,0.4,0.429,5.7,11.1,0.512,0.516,2.1,3.4,0.609,4.2,6.4,10.6,2.2,0.8,1.2,1.5,2.5,13.9
416,Matisse Thybulle\thybuma01,SG,22,PHI,20,3,15.6,1.4,3.5,0.406,0.8,1.9,0.432,0.6,1.6,0.375,0.522,0.6,0.9,0.706,0.2,0.9,1.1,1,1.5,0.7,1.1,2.4,4.2
417,Anthony Tolliver\tollian01,PF,34,POR,16,7,16.9,1.1,3.6,0.293,0.8,2.9,0.283,0.3,0.8,0.333,0.405,0.6,0.7,0.818,0.6,2.6,3.2,0.7,0.2,0.4,0.6,1.3,3.5
418,Karl-Anthony Towns\townska01,C,24,MIN,18,18,33.3,8.8,17.6,0.503,3.7,8.7,0.427,5.1,8.8,0.579,0.609,4.6,5.7,0.804,2.7,9.7,12.3,4.3,1,1.4,3.2,3.3,25.9
419,Gary Trent\trentga02,SG,21,POR,11,1,8.5,1.4,3,0.455,1,2.1,0.478,0.4,0.9,0.4,0.621,0,0,,0.3,0.8,1.1,0.5,0.2,0.2,0.2,0.6,3.7
420,Allonzo Trier\trieral01,PG,24,NYK,10,1,13.6,2.2,4.3,0.512,1.2,2.6,0.462,1,1.7,0.588,0.651,2.1,2.6,0.808,0.1,1.4,1.5,1.4,0.2,0.3,1.5,2.1,7.7
421,P.J. Tucker\tuckepj01,PF,34,HOU,20,20,35.6,3.6,6.7,0.534,1.9,4.2,0.458,1.7,2.5,0.66,0.677,0.8,0.9,0.833,1.5,4.8,6.3,1.5,1.5,0.6,1,3.3,9.8
422,Evan Turner\turneev01,PG,31,ATL,14,0,13.9,1.6,4.1,0.397,0,0.3,0,1.6,3.9,0.426,0.397,0.9,1,0.857,0.5,1.6,2.1,2.3,0.6,0.6,1.4,1.1,4.1
423,Myles Turner\turnemy01,C,23,IND,13,13,30.7,4.4,9.6,0.456,1.6,4.1,0.396,2.8,5.5,0.5,0.54,1.8,2.4,0.742,1.5,4.3,5.8,1,0.5,2.2,1.6,2.5,12.2
424,Jonas Valančiūnas\valanjo01,C,27,MEM,19,19,24.8,6.1,10.7,0.567,0.5,1.6,0.333,5.5,9.1,0.607,0.591,1.9,2.3,0.837,2.7,7.3,10,1.8,0.4,0.9,2.2,2.7,14.5
425,Denzel Valentine\valende01,SF,26,CHI,8,0,8.8,1.8,4.3,0.412,1.1,2.9,0.391,0.6,1.4,0.455,0.544,0,0,,0.3,1.9,2.1,0.8,0.4,0.1,0.3,1,4.6
426,Jarred Vanderbilt\vandeja01,SF,20,DEN,3,0,3,0,0,,0,0,,0,0,,,0,0,,0,0.7,0.7,0.3,0,0,0.3,0,0
427,Fred VanVleet\vanvlfr01,PG,25,TOR,20,20,37.8,6,14.7,0.405,2.8,7,0.396,3.2,7.8,0.413,0.498,4,4.6,0.879,0.2,3.6,3.8,7.4,2,0.1,2.5,2.4,18.7
428,Noah Vonleh\vonleno01,C,24,MIN,14,1,12.6,1.4,3.1,0.465,0.1,0.7,0.1,1.4,2.4,0.576,0.477,1.1,1.4,0.842,1.2,2.4,3.6,1.1,0.3,0.2,0.9,1.4,4.1
429,Nikola Vučević\vucevni01,C,29,ORL,14,14,30.8,6.8,15.1,0.45,1.1,3.6,0.32,5.6,11.5,0.491,0.488,2.4,2.8,0.846,2.9,8.6,11.6,3.5,0.6,1.1,1.4,1.9,17.1
430,Dean Wade\wadede01,PF,23,CLE,3,0,6,0.3,0.7,0.5,0.3,0.3,1,0,0.3,0,0.75,0,0,,0,0.7,0.7,0,0.3,0,0,1,1
431,Moritz Wagner\wagnemo01,C,22,WAS,17,0,19.4,4.6,7.6,0.608,1.1,2.6,0.432,3.5,5.1,0.698,0.681,1.6,1.9,0.844,1.5,4.1,5.6,1.4,0.7,0.7,2.4,3.9,12
432,Kemba Walker\walkeke02,PG,29,BOS,19,19,32.3,7.1,17.3,0.409,3.5,8.9,0.396,3.5,8.4,0.421,0.511,4.3,4.7,0.911,1.1,3.6,4.7,5.1,0.9,0.5,2.1,1.7,21.9
433,Lonnie Walker\walkelo01,SG,21,SAS,15,0,7.7,1.7,3.8,0.456,0.4,0.9,0.429,1.3,2.9,0.465,0.509,0.3,0.9,0.385,0.3,0.9,1.1,0.4,0.3,0.1,0.3,0.7,4.2
434,Tyrone Wallace\wallaty01,SG,25,ATL,14,0,11.4,1,3.1,0.318,0.1,1.1,0.067,0.9,2.1,0.448,0.33,0.8,1.2,0.647,0.2,1.4,1.6,0.9,0.5,0.1,0.7,1.4,2.9
435,Taurean Waller-Prince\princta02,SF,25,BRK,21,21,30.3,4.9,11.9,0.408,2.9,7,0.405,2,4.9,0.412,0.528,0.9,1.3,0.704,0.9,5.1,6,2,0.9,0.4,2.1,2.7,13.5
436,Derrick Walton\waltode01,PG,24,LAC,6,0,3.7,0.3,0.7,0.5,0.2,0.5,0.333,0.2,0.2,1,0.625,0,0,,0,0,0,0.5,0,0,0.2,0.7,0.8
437,Brad Wanamaker\wanambr01,PG,30,BOS,20,0,17.5,2.5,5,0.49,0.6,1.4,0.407,1.9,3.7,0.521,0.545,2.2,2.4,0.915,0.5,1.7,2.1,2.9,0.8,0.2,1.2,1.8,7.6
438,T.J. Warren\warretj01,SF,26,IND,21,21,33.1,7.3,14.4,0.508,1.3,3.1,0.409,6,11.3,0.536,0.553,2.1,2.6,0.815,0.7,2.7,3.4,1.1,1.1,0.3,1.4,2.7,18
439,PJ Washington\washipj01,PF,21,CHO,23,23,27.9,4.5,9,0.5,1.3,3,0.429,3.2,5.9,0.537,0.573,1.4,2.2,0.64,0.9,4.1,5,1.7,1.1,0.7,1.2,2.7,11.7
440,Yuta Watanabe\watanyu01,SG,25,MEM,2,0,3.5,1,1.5,0.667,0,0,,1,1.5,0.667,0.667,0,0,,0,0.5,0.5,0,0,0,0,0.5,2
441,Tremont Waters\watertr01,PG,22,BOS,1,0,20,2,7,0.286,1,5,0.2,1,2,0.5,0.357,2,2,1,0,2,2,3,1,2,2,2,7
442,Russell Westbrook\westbru01,PG,31,HOU,18,18,34.1,8.1,19.7,0.41,1.2,5.3,0.229,6.8,14.3,0.477,0.441,4.6,6.2,0.732,1.4,6.4,7.8,7.1,1.5,0.3,4.3,4.1,21.9
443,Coby White\whiteco01,SG,19,CHI,22,0,25,4.5,12.4,0.363,2,6,0.333,2.5,6.4,0.39,0.443,1.4,1.8,0.775,0.3,3.3,3.5,2.1,0.8,0,1.4,1.4,12.4
444,Derrick White\whitede01,SG,25,SAS,20,8,24,3.6,7.5,0.473,1,2.5,0.408,2.6,5.1,0.505,0.54,2.1,2.6,0.788,0.6,1.8,2.4,3,0.5,0.7,1.2,2.5,10.2
445,Hassan Whiteside\whiteha01,C,30,POR,19,19,27.8,6.2,10.4,0.599,0,0,,6.2,10.4,0.599,0.599,2.9,3.8,0.753,3.6,9,12.6,1.2,0.4,2.2,2.1,3,15.3
446,Andrew Wiggins\wiggian01,SF,24,MIN,17,17,34.8,9.3,20.6,0.45,2.3,6.6,0.345,7,14,0.5,0.506,4,5.6,0.716,1.3,4.1,5.4,3.4,0.6,1.3,1.9,2.4,24.9
447,Grant Williams\willigr01,PF,21,BOS,19,1,15,0.7,2.8,0.259,0,1.2,0,0.7,1.7,0.438,0.259,0.7,0.9,0.824,0.7,1.6,2.3,0.9,0.4,0.6,0.8,1.9,2.2
448,Kenrich Williams\willike04,PF,25,NOP,19,11,24.7,2.1,4.8,0.429,1.1,3,0.351,1,1.8,0.559,0.538,0.4,1,0.421,1.7,4.2,5.9,1.8,0.9,0.7,0.8,2.7,5.6
449,Lou Williams\willilo02,SG,33,LAC,22,3,31.3,6.8,16,0.423,1.8,4.9,0.361,5,11.1,0.451,0.479,5.8,6.9,0.848,0.5,2.9,3.4,6.3,0.6,0.1,3.2,1.5,21.1
450,Marvin Williams\willima02,PF,33,CHO,23,0,20.5,2.7,5.5,0.5,1.3,3.2,0.405,1.4,2.3,0.635,0.619,1.1,1.2,0.893,0.4,2.4,2.8,1,0.7,0.4,0.7,1.7,7.9
451,Robert Williams\williro04,C,22,BOS,18,1,14.2,1.8,2.7,0.688,0,0,,1.8,2.7,0.688,0.688,0.4,0.8,0.571,1.3,3.4,4.7,1.2,0.9,1.2,0.9,1.8,4.1
452,Nigel Williams-Goss\willini01,PG,25,UTA,6,0,3.2,0,0.8,0,0,0.2,0,0,0.7,0,0,0.3,0.3,1,0.2,0.2,0.3,0.3,0,0.2,0.2,0.2,0.3
453,D.J. Wilson\wilsodj01,PF,23,MIL,10,0,11.8,2.2,4.3,0.512,1,2.8,0.357,1.2,1.5,0.8,0.628,0.1,0.1,1,0.4,2,2.4,0.9,0,0.1,0.5,1,5.5
454,Justise Winslow\winslju01,SF,23,MIA,10,5,33.7,5,12.7,0.394,0.6,2.6,0.231,4.4,10.1,0.436,0.417,1.8,2.7,0.667,1.6,5.5,7.1,4.3,0.6,0.4,2.3,3.6,12.4
455,Christian Wood\woodch01,PF,24,DET,20,0,14.9,3.4,5.4,0.62,0.7,1.5,0.448,2.7,4,0.684,0.681,1.5,2.3,0.667,1.2,3.3,4.5,0.6,0.4,0.9,0.8,0.8,8.9
456,Delon Wright\wrighde01,SG,27,DAL,21,2,22,3,6.1,0.481,0.6,1.8,0.351,2.3,4.4,0.533,0.531,1.3,1.6,0.824,0.8,2.8,3.6,3.5,1.2,0.3,0.7,1.2,7.9
457,Thaddeus Young\youngth01,PF,31,CHI,22,0,21.2,3.5,8.6,0.4,1.1,3.3,0.333,2.4,5.4,0.441,0.463,0.8,1.3,0.586,1.7,2.6,4.3,1.6,1,0.3,1.6,1.6,8.8
458,Trae Young\youngtr01,PG,21,ATL,21,21,34.6,9.5,20.5,0.463,3.4,8.7,0.393,6,11.8,0.514,0.547,6.3,7.4,0.853,0.5,3.5,4,8.4,1.3,0,5,1.2,28.7
459,Cody Zeller\zelleco01,C,27,CHO,20,17,23.7,4.4,8.5,0.521,0.6,1.7,0.353,3.8,6.8,0.563,0.556,1.6,2.5,0.653,3.1,4.8,7.8,1.2,0.5,0.4,1.6,2.5,11
460,Ante Žižić\zizican01,C,23,CLE,6,0,11.7,1.8,3.5,0.524,0,0,,1.8,3.5,0.524,0.524,0.7,0.8,0.8,1,1.8,2.8,0,0.2,0.2,0.2,1.3,4.3
461,Ivica Zubac\zubaciv01,C,22,LAC,22,20,16,3.1,5.2,0.591,0,0,0,3.1,5.2,0.596,0.591,1.9,2.3,0.82,2.2,4.2,6.4,0.8,0.2,1.1,0.9,2.5,8